Id,ArrivalTime,FlightNumber
ZNDVXCR06G44AJ3ERFVP,12994.174727347661,BM2616
M4X08JLTGYNAICYYEKLH,10816.585091452826,BM2616
XC9FZP8FYLGRQN21E9DM,7183.124608332273,BM2616
P9RNIQJ8DOL1JC6P9SNS,16584.717340490606,BM2616
Q42DU5DU433JMN8YLUXQ,15751.037519262838,BM2616
2BBOEDHKKPL3SXI3FAK4,10197.415536686287,BM2616
XWKGJ4XVGZFIIMP77N81,17631.586860938223,BM2616
OP61LZ8BXFUDDYEDNSH9,13245.552940722544,BM2616
ZNCOAMELN4XR8RBO40DK,15027.275312315978,BM2616
936M6PGM0OI6HM7LNG7H,17408.658931147616,BM2616
CYDEF7Z714NX9K0LKMD3,13583.874433618914,BM2616
3WF3OQ2FHHI1FDOTHG7G,11913.75837007054,BM2616
DPK4VI9ACUVAOLB7DOA7,13583.814811228818,BM2616
GDJ8RGMVYXJT4R3311EH,13590.406220109267,BM2616
S5DKP354HE3AKSEX2WBD,12974.202736905047,BM2616
TKUK2T14OX7NXJBG16EI,16966.189770034587,BM2616
NNYKXW04NZRGW24M1HYH,14211.682512854397,BM2616
0YME95PW1L2BCHKAQV9K,12124.671428230655,BM2616
GOZKYJ3J0G4DC4NQGN30,11341.503114577406,BM2616
RLK0C437VNN2JDYTVKPA,11790.303095394318,BM2616
N0B9PWD3SZBA2SIRCXR9,12865.57429722014,BM2616
PGPYXDRPVMJ99NJ7AU4F,14481.911714682003,BM2616
8V6HHI2BF2IXZKI3WXZ6,13575.767924011996,BM2616
HJU1U628RMPVHNITK3IK,17229.437785677288,BM2616
6RMUPK8W0C4IP3XJ0T48,6234.889062276499,BM2616
GEXK3381YTK5866JPX85,17334.934141084654,BM2616
UV6H1HJAZ94H5GENYSBW,12939.987711221784,BM2616
149A12C1KAHNWXTDYGCE,16389.147120474736,BM2616
FLJP3L6L2L6M04K1Q2NC,15257.711439379273,BM2616
SZ8Q6GZPNWWHULOG08MU,12937.679426517669,BM2616
R8ROF6HH4V0RP2PM5675,13328.103370937868,BM2616
PUCKHF6PZRM7D87IXZ9K,13152.505279029443,BM2616
YS66GKY8B9WS3LMH9C06,17923.3289102391,BM2616
QXM0EZG3X5VXKRCCS05N,12787.386853991797,BM2616
8KYU1LMPCFJJVEF2ED8U,15030.986713260108,BM2616
R3CJU2K1NDXR65LJGBLX,16140.808848327211,BM2616
UIM6VW6G99ULENUT9XO9,17663.294247411242,BM2616
RK1F9WTBUEONF8ONLZSI,12600.473963159395,BM2616
L8LSH06BHZUPL5F5Y5PV,12403.132797374603,BM2616
F3SZVFG335W3JSZ1ZLAU,14411.798806303796,BM2616
TMMO2P2ZNRPBUPMGX442,15399.867190514216,BM2616
0UV7DRVSASAJP0I0SZ04,17948.657998612573,BM2616
8IZ5N555OR58CXS4MW0G,14764.662227582969,BM2616
BSCOL1H2OGE98SXI6VI1,11212.60226241492,BM2616
HP9QGVRJSJEH2EO9XSFS,11025.619965293883,BM2616
DRLWXCXC8IR7IRKFW0I6,13570.151403663716,BM2616
MC5HOWSRPLN000L5BJK1,16857.35099721328,BM2616
ZOZ4W7UMPVC1N4QRZF2R,11707.381135628193,BM2616
63885NM58IAV4ZUQQU69,10090.804393043927,BM2616
TAVGSMV7LREVVAKAE1W0,13476.45768802656,BM2616
UH3K7QJOZLKMLSQ6AQUN,11136.331413550044,BM2616
J4QAAA429BWLBG09XFF0,13642.41104805299,BM2616
UM77ZZABM4ODX9VZLQSE,13150.595861808972,BM2616
07AX6FKFP6OSL0QKS6JM,14440.776309685645,BM2616
7ULLHB2QYQVAG1JOKIIT,11371.146204676801,BM2616
XX43170N2Z1LD7G23R9B,14590.439878995367,BM2616
XTZI7QWTXSRT1SR9B3EQ,13234.969863032435,BM2616
NVL48JV2FW0J5CN7ETZZ,15193.382221123258,BM2616
2F14B0OD67H3WOD7BCSG,15683.19722190553,BM2616
CAS4PAFFJXAL5EW4HMZ7,16106.664851212476,BM2616
FF23ED5ES0TO1ZYS8M8V,16997.434581378828,BM2616
4BGCSGMJPQ1GTCOKQ0VF,16656.566074261333,BM2616
T4Q82BCWZ2Q97U9OGTOL,14772.676069079866,BM2616
DJD0FW7AJO1CPGM5F3XQ,18397.30668388738,BM2616
AHJQENW5LHWY7T2M4CVT,14250.979129237965,BM2616
54W4I8F0W7G4NFUL16LL,16410.64378213507,BM2616
ZLF5W3D3GSMH7UU3GZMU,15813.723560311231,BM2616
6GGL1YW3POVUIC9GLG2O,16923.67916480158,BM2616
0H0IREH067ILX6MWOCKX,14102.97979971219,BM2616
CDGPDVHLEO0S5AUWSI1B,12773.97564541555,BM2616
EAKYA12DTYCT9N1Y6SGU,12861.50829330045,BM2616
G5XYWE0UFV6KOFQGCWAI,12724.87409279868,BM2616
BUM192B1CQFV7IPVVHC0,14447.629533594501,BM2616
FWIVXTGMRLPLSQ9WLWQJ,13971.354769212343,BM2616
O1A8WMVX4B2APJSMY086,14309.382881549082,BM2616
EV8JKM4SZ7R7J56PEDO1,17386.586965310187,BM2616
Z35O3BGX1LZAGOATFVAP,16520.842693767056,BM2616
48OD5J9UM3DMUID3BD32,16601.597414999975,BM2616
2OC92QCPKFKXL19J7HAH,17025.015196714034,BM2616
81IKEBHMHRMEA2LJXOZ0,18799.28892448285,BM2616
VFIE3V9HH24AIPLYQY3X,15245.148446372106,XC6333
U09TM9HOU89ICQGMEHYM,11866.87319399387,XC6333
0IHX90YDCBUFVQSP7J5A,15003.419974550736,XC6333
8CP4DZB7DXZTAMI0YNLD,14647.568259878026,XC6333
U20TIPT5OF7D3KW200DV,14972.732324906232,XC6333
S0WWJX37K8AJER066TNF,15682.068576471247,XC6333
W5UDZ7WCK2QD14B4IMDE,18007.420302190036,XC6333
MG31DYWMM5541UW2X9US,15735.292759929045,XC6333
4Q7KTD9ZOL5CV4W5J1W9,17198.441652509973,XC6333
J5303YP56GCKPD6SRGPR,11929.448766142299,XC6333
8M94CXCXNIPYS6YTHTM2,19629.58376580013,XC6333
BFLGYH6UD35S3S3XY0QF,19614.2507463316,XC6333
E8L3N43YYQFJNCKX9S8S,15371.883118361868,XC6333
B1748H4SYRUA3JOCSTVE,17049.329471035035,XC6333
0Q2L7HTPVF93LEXV3Q7Y,16321.275276373837,XC6333
88QELCZSO47F48AGDS7M,17574.786216129087,XC6333
5WDI7MQV1JTVVZ46T3FD,16958.677023965287,XC6333
ZMEVHNLTPKPPVV4J9QXQ,16852.165085461907,XC6333
QQKNLA606BQERG7A7OBB,16431.42106750377,XC6333
R988CYYM4WKO73NWJVA0,16888.89960693737,XC6333
H9KQLUMXSFLOSSHZAO8Y,18643.171621389367,XC6333
OLBNEJSX7A0KYXLZX8XO,16988.28325227364,XC6333
E7L5I9NY0DHNOBPGO315,14551.28358863135,XC6333
5YNEVNAAWMMA8TAW1RRF,18190.181822139108,XC6333
FIA9K25DAHRGOFPKQP2K,17070.244884110187,XC6333
AAV0LC3WS6EQX2D86XZ1,17500.698371691764,XC6333
80VG2HVNJVGKNO6XJUG6,15618.736239223672,XC6333
50FKC5M956Q9CVK4SYVS,14268.054948153367,XC6333
5C4827FK84C4I0V0MLFF,17248.468203460892,XC6333
O2VW97NBJKQ8MXQLF4WN,11610.354102893385,XC6333
EDPIYNXOS3MUITZV9A0Z,14841.61511268474,XC6333
88HXH7P32I71RWBVEYP4,16922.051577329046,XC6333
P3W12E1Q8BVLLKMBO4GC,15866.471005590727,XC6333
6MFBH633N7YKGYLLU129,14662.151631948891,XC6333
2EO6QQW67UWQGK40RDZC,12670.574662720923,XC6333
C49IXHP5L6M8MS645YPZ,14726.88364118818,XC6333
EP39S61AB6UOYK9R9WRU,17593.457469038465,XC6333
FNANT2IKKP34TUBUZYJ7,15590.26810368508,XC6333
9W3M9UJIURQXDK7K2YMS,16866.273408291803,XC6333
QSC2V62DPI1G8DSRL97K,12633.37892434012,XC6333
7RVX5GFGHBFKTKBTDLH2,17865.54875620026,XC6333
R6GZ232IR9TCJWU363LK,17966.358285589005,XC6333
4SK9W2XCX54MTXMBOSRK,17344.83898970408,XC6333
PFRAL8C3WXQ8PIAKEWIP,17748.056993907896,XC6333
URJ4BC4WLJYZ9L92Y5H0,15502.005812247633,XC6333
W1IOZNCELIRM1ZNRG0YI,17638.01340077366,XC6333
R4RM05FVWEH5D0Q8UZ9S,18078.399493010675,XC6333
A38S1SZU0D415Y9AWIP2,18156.31445867353,XC6333
JWGEM8OTCWZRUGVPD6R2,14430.02934275972,XC6333
9MDO5045164KY95DV8Q9,14295.470057010769,XC6333
2C3W8P2Z89GM589M8GJS,17567.290042445915,XC6333
ZEAIQE9O89UZ289U94TM,17917.120953867598,XC6333
YTGPCV7YWLEGY5XAMT6O,18325.74565361896,XC6333
46RCHNW0W9D8LCU08NX4,16796.47484455658,XC6333
IX5B5GI23Z7FE1G9DHWT,16748.969184718233,XC6333
NJVZM0WHVYVLTM47CKDR,16282.662181353957,XC6333
IUHDSMOBL5MPWK4NEYQB,16695.436884973453,XC6333
EIEKMLGH1KZIGT61KII5,17222.098797601357,XC6333
S2O2J4SRJE73JMATIWBW,17917.02642728098,XC6333
Z06MPXPELPTY4T4V37AH,16564.442058508997,XC6333
IWU77MLC4I6RFOGLFY3J,14326.8456188817,XC6333
L4M9UB6SGPWGRK2US70C,15944.484033480505,XC6333
VK5BJSIKEBP4BRY68EX2,13470.974190634413,XC6333
0N5TV2A9X6SEEYP6G7UA,14241.934357885628,XC6333
ANL3Q58M3MAM8WPG2VOW,14307.103248877936,XC6333
42MQQ9Z35UYLKLG1GK7F,16801.650177544685,XC6333
IGA51Z7YEL8EGV92CUH5,9285.641304747394,XC6333
52C13IT13J1BCWQJY34C,18543.547839576215,XC6333
41PYATVTY5JBOKXGWZZY,17044.572537539298,XC6333
A3BUZBZHNA81WIG85JHW,15842.210991383245,XC6333
ON64BTA9YL9OHLJQEJ1P,15953.328428539766,XC6333
QPU7H8PSNRLLAQ4GQOX3,18680.143267430696,XC6333
35LZCQFA3LDW37R895M2,15898.347380373973,XC6333
5LZCNLMEEC0N3K4OZOXK,14544.161861649543,XC6333
4VP178UCO0GLRVF74I1G,16920.03709650251,XC6333
TPDYLFOLOK2ID98V5X2S,18704.73828478879,XC6333
UCCTB5YA40JFH5DAFR2L,18993.540664610868,XC6333
C7GCBLXRQIXG4H0C139L,16490.141909711227,XC6333
8UOSDUPSM2DQD7XC5A0A,13450.895432364248,XC6333
DUFGJ7IYN66AHI6I4O15,15461.064443101548,XC6333
WB59IFZ7PIG1KL5N5L20,18321.20639680747,XC6333
QYZUXBDZVC0MZD28V75E,15753.319265338221,XC6333
RQW1GZXO1QHYJ6ZHWA8L,15768.78156231032,XC6333
FSD5R6TQXSPJOJ8CTZIB,16789.598746297528,XC6333
4HRJM1CHPBGKFS9NLK0N,13998.044845893677,XC6333
8IXU7SJ4KG34C2U7562A,15772.937820109379,XC6333
UO9ECNWA4W3JMWI6FZKH,15203.374396578256,XC6333
B02F2YI2ZMOPN0BFO2XX,12173.021477497472,XC6333
7N91DTV4SBGJYIVJX1VC,17555.67273866788,XC6333
KSV7J3WHV8RJW3PRW77F,17980.667703177798,XC6333
KID2WVHHQ9QDMNS55IR9,15528.961496602555,XC6333
3HU1TB8IZFDQ42T99LO3,14172.006720739475,XC6333
GUBS2LGS9JTA86IPKJHK,15417.517700035716,XC6333
KLXUHM1NI4YCG6KT0D6R,14848.40799358095,XC6333
73FAXR2BN9P8N86CG09K,16266.42158876792,XC6333
36WICZX04OMF22SI2O1C,14827.817589567709,XC6333
GCR3BFFG56IGFEFRDCAA,13769.39695063036,XC6333
VKFZKIX6ALC80L83PFHG,15790.78133507596,XC6333
MD18FB1OLI22K2OPU64M,14382.33655603882,XC6333
QSMJFBXEDO17EZO9S6S2,15456.840812583228,XC6333
BYMDK01X0FU5Q9F689NM,17805.65679105122,XC6333
H9Q5SYCK59CQIUC2881U,13983.883643721823,XC6333
641OK6200V220MREFD7W,15587.346131717326,XC6333
4DCY1HAXTYJ4YFQQ88L5,16535.21767631561,XC6333
IU7VH5ZFK5Z6B1KCMV9I,7841.326184837748,XC6333
0X9IKGM6LFEGU443RETO,10983.154891550717,XC6333
TLAIJ5OBXXCOY99G7QMW,19940.509575872005,XC6333
N8PQ7B30PUC0WY4BOY4D,18352.122732533466,XC6333
WB11JJ7GC5NT1207MOT6,18558.730434870868,XC6333
EAUX4JK8SECOC42OYDGC,14869.146237799443,XC6333
VWHZ3DTDO3WPF3F6WHYL,18376.103763355648,XC6333
OBXAB4KMUXNUZ9ISGA6Z,14103.533686313993,XC6333
S2KMGOJVIPK6UQH2TYI4,11641.712802429747,XC6333
W3O71PH36KTRFM1P9ZYX,18374.783184093023,XC6333
TWO1HV847SYDCDV3RTCS,18308.414281674497,XC6333
E9Q216SFBPS464YQEVGL,16925.20610517231,XC6333
O0B4A8O4OALSO8AZWOW2,18328.723266287652,XC6333
43RZIS5JH0PJIERFE8XD,15863.706756531068,XC6333
E1YJ27M3AMQRJDWMHRV3,14163.694366614332,XC6333
KZQ4B7RCAOFYVVNX6KO2,15033.976520623497,XC6333
6QZ3143GA0KZHNQXT55O,13793.718549993013,XC6333
6KNPSXZHG2TCPDR6C6OP,10561.432811669858,XC6333
E0NI9G6QGZ2WYBGITEE7,18890.690555407455,XC6333
W2ZMP7DURQNU8JVBSW0B,18657.212912481675,XC6333
A5P94PRN7ZU14E34IFX2,15643.75735364698,XC6333
40WCLTJA2832CG5EK1NP,17907.36127990816,XC6333
R9RETIM7DT3242BAOCAS,12490.951317568026,XC6333
QN5K7H7PB0F8ZOQ253LA,11319.975569016322,XC6333
PYUY5UDB7MFP3MJQ1659,15409.996821534522,XC6333
APD3REO3987N5U42CNPQ,15798.995900165119,XC6333
SCFB4CAFZIBIMNSS7MBM,19169.484064523163,OO2037
Z6X5JKNFOMTAOBJRIY4T,12615.20289377318,OO2037
4WCCX1DYQ8CZP0FYVNZR,16889.944987045208,OO2037
2L4MOJNQBPNM41XR3Z2K,18412.175510468616,OO2037
HNHHNT1NQ54NZ04BXB8I,15858.29987954404,OO2037
AFQG7WWYYXILDD134DKB,17589.83935316804,OO2037
LMBS59QYTQ5K828P0JKW,17811.794791358116,OO2037
RN7THEQ1E782KN7TAR4M,16940.493670824857,OO2037
3Q0HKKOIHPLMN8BYAARP,14717.575285145118,OO2037
IRBMG17SAPMXXMNWDL1Y,13151.38160532775,OO2037
M0PTAAZGDNFQ3N0RIQ9V,16809.10430437932,OO2037
OFQQ4SZY2Q3WOQ4FA175,13562.059151074425,OO2037
PV0N5KVD40A2NQ0NAJ3G,17213.923535725975,OO2037
9XGMYN30LJYSDII2Y34S,17814.462911252605,OO2037
PJ9DHJZZZBQDUJU80QH5,19253.824656062403,OO2037
UZZV43TEY0OD7QJ28HI3,15262.902316753147,OO2037
LHC2GZH6I33AFYT8WECJ,16248.466120217085,OO2037
L9V9OYCH9PHPWQNJZN34,14680.953485338558,OO2037
CNGXC9ZOB6PW4EZH55S9,18195.55565935447,OO2037
QH1WXC1URMWRC66F0YQN,15957.854082215226,OO2037
N4CTQBQUZN5MVNH8ERWS,14476.522797068246,OO2037
ACZ8C3VD8D3A13MTWTY9,16462.74400016188,OO2037
RL3WE5OAD6CFE4L44ZL3,16896.93486020786,OO2037
EE1PE4A35B7T1157BP3N,18062.82170839335,OO2037
KJS7M1D596H9PZ4BL98J,17142.326257948112,OO2037
GS7K85JSXBI91VHMDGDS,19024.871801276517,OO2037
BF7G35D02VEQA0G0XNK9,17471.119745441607,OO2037
KEZB2F8M2CPL956OA48I,18079.159735816087,OO2037
21Z8E6JVHDSEE11Q2MT5,17177.184191497883,OO2037
4WPGMVY66DZ94KG3BS5Z,16908.08271548537,OO2037
AZNSMB5SVIZCK93RWRBH,13806.926445194953,OO2037
X2286NYHL49MBBJ74LSK,14630.26689432346,OO2037
RZS0CNVR7I7IZ1V7S1GF,14823.06503096663,OO2037
5WVX32M8TETBUNL2B3JI,19123.826057990533,OO2037
FXJFN1GD73QEAE6PK3W6,17495.644300190375,OO2037
4IUX8KT61Q0FV43679IY,18726.128776257552,OO2037
N4Q1WZ8OCOLGLWL3LM5E,17406.732524229872,OO2037
PKA8D6JSKV0H0ZM636WC,16019.602461444461,OO2037
YJX1OGUJ80Q0I2KEUNF3,12175.460592314153,OO2037
Q008VVBTDNM84Q7VJ3EI,15439.968378693775,OO2037
1NGIN4EP54IKUFM392HP,18412.091313055356,OO2037
6QWK631KKXTW5PJXJ6WY,15000.882163081907,OO2037
6DJEMM5W5CBX9BASK4T2,16473.627064632004,OO2037
7F43H0BB0LMOEVBBAXET,18061.22418067714,OO2037
1430APQLGSSDC5LVRSSX,16032.289379276168,OO2037
AXFFRMD265L0REE98RN1,13885.697626795492,OO2037
7CLEDBLZW9DGT3L7WYSX,16258.418852333958,OO2037
QNQI85A6JARW8DMY7E4S,18634.053145998678,OO2037
AJCVLLFBXLA35YJMVQ4R,16598.48283123833,OO2037
MXM9R4GL78SI278P0PHK,19335.960384747443,OO2037
Z6LMHQEF6V9O0K7B4WIX,17563.107640361846,OO2037
XW6VJV2TGBQ00C6PDKR9,16454.511997826197,OO2037
M70ZO5NRBPUQ5N7R1DIA,18832.002961182377,OO2037
JZJZSFXKI8G9JQR3DPL9,11769.071615981788,OO2037
442Y7QBEGG0Q2YN4E28E,18219.72490064484,OO2037
D5T29ALU5THS1LVPNDI1,14188.019726626926,OO2037
3M7U0EWCMG7CXE3XHZUW,15999.267842215493,OO2037
3F6NKO24KSTI43H0T23P,14432.316121087617,OO2037
QGJ3RVBE7DQ1PSKKGCWU,18471.17728041519,OO2037
BZ9S0CDWXKM9XEPJDNY8,17818.25102921808,OO2037
Z7J9ED4PXMYMJS3KTXHZ,16214.252594004907,OO2037
8EJ679FP1343SNW7DKM4,16002.751941034807,OO2037
NBS06F7XWPER6L732S4X,16539.074686557404,OO2037
GJ36K2I0JUC06QS7ZMY6,15313.440350417308,OO2037
M1M3KZDIQB1UGJ4YXFNL,16791.53457932727,OO2037
D9N50U3DRXSYL8H63JMK,19214.990508049526,OO2037
NAEDSFTFEUC36U0A9LNM,17692.209019474147,OO2037
D474UKGN5TGJ7PO38SUB,17405.366867282948,OO2037
D4A2HNS44P6UPE9VKO0G,15865.832761612248,OO2037
8HP9N1I59GM8BLXAGW1B,16657.500307287362,OO2037
ZIVT3GD2Q1PFWGD3EPHY,12686.092395226788,OO2037
IIXDZM2ETMWD5CK84QT4,16192.239173509228,OO2037
OB1OWDI1P3GWEH6SEP7Z,16599.156021833223,OO2037
HL9JLAMT9FA367GQ6TT9,12761.634430679642,OO2037
UCK8CUBAYI2G1CF6XZXG,15101.061722339145,OO2037
VWTE7A978B1NDIXCEH84,17697.555917303067,OO2037
00NWVABDEWGK0FKMAY2O,17596.994506817984,OO2037
MFG21XT4X9J9Y7STGSKB,15611.893795096781,OO2037
RX0XM7FJS2DS99U93BK3,15341.294387985501,OO2037
P3YFD0KNCNZ1XXA7RQOC,14818.800422359282,OO2037
X3Q6AOJ0IO7GFQJYVRYX,13204.094261924214,OO2037
YW9W3NL3JBP8OFYP3ZGK,13063.564212843055,OO2037
OT0NQ08VHTCQWWL30Z71,16019.346731886857,OO2037
C36V9U8YL8Y30Y1OKY4C,14974.872783234994,OO2037
WMNSVP0CJST4FG5TN6GP,17667.118454520947,OO2037
BO73WN6FHNPR5RB9RLLQ,15471.103873612352,OO2037
S8MYK700971V2U06KIAY,18471.95671350159,OO2037
A899NJ0OFQ6BFXSU33G8,18202.44262476229,OO2037
6K2V7PSPAFPJGB2VC1SG,14815.103337419296,OO2037
0LPX7L0TXDUIPKEQTPAG,15004.154959293519,OO2037
LY7R65VH4WUK40OPYLB1,17271.405624150597,OO2037
AQ7EZEDDTZVKB3VMNJVZ,16638.777963320426,OO2037
MGTJ4KMAIRHEJQ7M1K94,14826.354480611937,OO2037
W0Z2SXK65GVRDMRQ1LSQ,18078.771390413836,OO2037
AWGDK1UWJLH6TWGLRW3Y,16234.837410880025,OO2037
ULQSIRVNAJC1DKX5Y69M,16770.197879710828,OO2037
E6URT4U84AVIUCUC017N,15341.7450082469,OO2037
YK2E0XPF3G3H1R8D29VI,16312.74461478493,OO2037
PM90GK5YR05K0NUEJLWI,15940.423180664267,OO2037
9T5HIXANAQ4EY7W9T55C,8020.515090428524,OO2037
CLTI64YWJMX4MORNVOFU,17315.552818827397,OO2037
F4P34THDIO88D37L8OL4,15734.798419911795,OO2037
Q6039112NIU7LHJ330ZL,16823.29942958309,OO2037
KMEY688SE87NANAWJSPL,16358.994406099273,OO2037
R1EJLJVSCGAPOEU9417F,18770.583566506422,OO2037
V355WLNKTZ52JB9O9F6Z,16987.004132792063,OO2037
88LWKBH51JAUQ6JX5LBH,17412.23963197963,OO2037
K4024I2WJNEYSGZ24OA6,19425.559284976654,OO2037
OSAEUQI99XEG434ZY706,15464.353833885802,OO2037
2NO6LJNR6FJ3BABB18ZJ,18378.060046815917,OO2037
81XB7KLENQAZ0VUW5PHX,15635.284483572184,OO2037
M0UMKXLUADYDVTC8LRYK,15799.094924199922,OO2037
LJV24JEQUX1O81XVL5KZ,17157.74560825633,OO2037
7VGQY04BRM5R9L0KD0Q5,12350.239711232949,OO2037
D3KOSY1K6K39WNRGZJS4,18136.708850567087,OO2037
8P7TX5GAR7II3W6HLCF4,17856.756238240272,OO2037
Q8ZK432H6U862O8C0UKI,15896.35850733509,OO2037
XWEEUFCLJU0JKXJ60XEE,16467.096169768873,OO2037
XOFHLNEPHKIGO1YLR4IE,15887.325912447137,OO2037
HL73GR8ZNSVKA1WEA9DY,15884.982323016056,OO2037
BQVOIHK0W0KNE8H8TE81,14043.137402049091,OO2037
7SP9AC9RQP3TZ7IBKVLV,16357.189665949023,OO2037
1MT76RZS3PEKXK7U5LEJ,18662.079575649448,OO2037
U4KLHRSMFSHA9ZKUALYS,15199.004237563486,OO2037
EHJACF59VNINKKI8PR3M,16888.50114285492,OO2037
WPRYBT72EIGYTV85FY4R,18547.539316502836,OO2037
0GTWA829OCYC9GCCWNGC,14090.82191817662,OO2037
O4PL6NQE8C6AXRZZW1V1,17880.201923949367,OO2037
G26XN15YJ4SKQIRVVXN2,18553.571805672516,OO2037
6FGGC38B7G22SMT096W3,16791.4627717073,OO2037
0BS0WBWX4VD0M8BS5HGU,15486.076054184294,OO2037
BY9CZ752MHK3DFZC3UWI,17716.486291127254,OO2037
VJTF2HBOOE62AKS52B1Z,15995.19031791986,OO2037
ZB5NR1AY2XBXE17KS9Y5,13811.100748975061,OO2037
ATQAQSZ24MTTDUKY7JYE,18083.888288091457,OO2037
Y80ZN8CI0EM7T353VEYC,14629.545003913267,OO2037
UH523Z0L26TDBE5N4VZO,16290.97850546835,OO2037
EAKLZIMNMNQWD6EKXMOD,16750.04196951057,OO2037
YF0XI7DY0KURWRVNJLXQ,17111.648366826565,OO2037
SQLZ8AAI2492WZ4XIMBF,14847.867243227032,OO2037
I7MKZWQ2FVK0TAB22O85,16938.86421667232,OO2037
7PJUOZJ24GWL083OP1GX,16560.44806814905,OO2037
5IS7B5HQ7M68W96WO2SU,11726.12572554865,OO2037
UDPFTQHSYGTQBVSYF4DC,16845.50820880194,OO2037
FIDSI4G4JOETDHZAO9X9,17678.274622795445,OO2037
UXDGR337T93YPIOWS48W,17164.63473631104,OO2037
RSOQI71HZSQ7MED7VT6V,15722.057333616875,OO2037
SP2GYZCIXE5OGJPIYK2L,15087.435075699828,OO2037
Q2Y3C7KX0D2G8FLDRJVN,14964.67238317897,OO2037
ZI0XJON28UD5T1Q351VX,17542.592955425476,OO2037
5RMLQG1T6TW968XCBGMW,17285.112033790905,OO2037
9KKPY8WMX698J4YOZNL4,15052.35603915083,OO2037
JG1GJQWURBFFNEMH2JCD,17727.732430174154,OO2037
X30J7GCI4K8PHJPB8K7C,17443.622532935682,OO2037
SRVHMFIBPNV5Z8UE9R3G,14660.438273822627,OO2037
YBGQQHWMZ8CS1RH8QC2K,16989.510390979354,OO2037
0DKG65CUUH5RL5OZYWUN,14934.04447094654,OO2037
YM9J9V0PHSFPQ7AXCWJF,17990.85841609646,OO2037
INOZCZV4XFVUZTTEXMGK,14897.69982495494,OO2037
10IH7UJQQNGHNLHZL7UX,18536.295175190608,OO2037
GYGTWCZ00OFP5Z5XJTEI,14464.203283680843,OO2037
KXGTQNEUAZNJ65IGZ967,17731.040153113554,OO2037
WQGMLFO5QMOOBSTGC3W6,13497.76339752424,OO2037
OQP1FHBU6A5NWHGU3HO0,17322.527282211755,OO2037
H1FEZBUIMZ4BK95410VA,16473.711752393574,OO2037
77G91VDM0OVENOVN8LAB,17568.623447964364,OO2037
4IAB7QVTEE9QAR1P9PDN,14867.466830203495,OO2037
279T52UMOB0D7CMCT1MF,16003.805862655161,OO2037
HJOR2CVELV8B02LX6IK8,18061.9216689089,OO2037
L2MIN43DUCT8PUUYX1QQ,15772.25128959075,OO2037
N0UO3STT2XTJX3J5MDZL,16257.673365813545,OO2037
65TZAJTKNBNTW3F4V0SQ,17688.586828696793,OO2037
6YP2SE1DC7SAZJERKD9Q,18301.04432345756,OO2037
CY6REO07AHNGIH2PGOBU,17603.658728828676,OO2037
XH39DZT31SN50SX0RPN4,13845.549823794228,OO2037
QJ0BUJ7BTN6OCCT9I345,17659.86263300674,OO2037
OFB6RATBCHNJ8NNWIJY4,16152.638046596243,OO2037
UZRBH8IAP1U5IKNO6FWU,15501.724540942676,OO2037
6TTGNF0RZVX4JDSLJLJC,16555.01656455188,OO2037
5NXVPTWDMIO62IOFJB1J,16511.7471817429,OO2037
O3WM8LAMG79TI8JG4QG1,17216.58595950151,HP4524
NX3D7J0CJS7UAZEGZN8H,18023.66686475288,HP4524
5U7AMJR2H3814JRQ7XHV,18969.303869752322,HP4524
F0XD08Q4HONVTZ4MFYCD,18539.934347197588,HP4524
DJ0PVERMQHYOGTOFFPH4,16028.199936531484,HP4524
GMUI7NFYCKVGBNMCT32N,17280.501730883323,HP4524
DW9UTMFIXZK9NFUDJYV8,19109.46776230519,HP4524
XDUFG1BN75LHSCS62GT9,17785.491214577174,HP4524
ZQJGWZB7Y3U91W0BYBH9,19275.980175788936,HP4524
W7DQHA2LMVIG7Q7N65IP,16909.56276985741,HP4524
QC22EY6GJCELY43S4A8E,17751.06613806566,HP4524
OVXHHPRKIEI6G6VM23UL,17831.62862194698,HP4524
N57XGBWL0LGILJ9L6A7U,19913.028167150067,HP4524
LZVA7CLW3BE5H6EM8NOZ,19444.510115460023,HP4524
3SSD9AF1GG79PWY46Z5E,16557.21066590608,HP4524
Z7XQOX4XV7BWFFQBVRMV,19336.831596737557,HP4524
Q1HN4URFV9QAMG2N9OFJ,17217.52854908508,HP4524
UEI80MA2A6TZZS8PC76X,17618.94268645606,HP4524
QK8PZUMMUEAJT1OSR4XJ,20657.539406284628,HP4524
8USMBQDYT29GGJPOV538,19221.48471560194,HP4524
GROP0J7Y4EN5487FDZ4B,19265.760755222786,HP4524
8UHTFZMMMJ5NG9HQCL8O,19431.222058407595,HP4524
EKFOM13PDVLXNG2EC0I2,18332.538244321757,HP4524
6R92SWQCSB1HMYT0RLVZ,17060.811898123953,HP4524
V11L6OQNSQ3FQZXAGDIO,16317.74087184562,HP4524
MJ1MX60TS5UUQPGLNFEI,18848.11053042198,HP4524
KEQ9LWZNKV7SOTZDGMIE,17954.366039176068,HP4524
F1RWJID1AI3RXBBRNHJB,17628.779554479202,HP4524
8OIQTBGAB1NXLD06U1M0,16669.30190253142,HP4524
PJ9NVPRVX61JN1ZI8IXX,15049.496286396989,HP4524
TGGK31SAIEMTUVP9ZF1W,18203.61117710064,HP4524
6EBPAE76CBA8CENT28ZL,16985.576553222578,HP4524
Y4ZGKAKGQHU6PMTKRTK1,19490.28645553555,HP4524
LX933S1CD1RW9B4XRSZW,19093.486305382055,HP4524
Z7IO19IZZ1JTTNQBP4LJ,18192.327598955297,HP4524
HZ932ZFQDM1G3DHLNJRA,16518.585855938705,HP4524
32FOF7WGP3J6B41SGMIK,18882.014983297224,HP4524
CV469PW7PVQOIMREB6OH,18310.783523838032,HP4524
OKJ1S9ALK781R856IC4G,17654.983243440456,HP4524
P6Z2VF4RC8W5WMU1RM6T,17196.707392556185,HP4524
PADYIY21UW66354JPVDD,20305.338720267395,HP4524
UZ1O493YM5H6LWUZ8J84,16919.550668960976,HP4524
R8G7QD0IZYJIIT2RZN6P,19217.28346191592,HP4524
N4Z8XLHXPUOKAX7TQG53,13793.291994901083,HP4524
GYLGPVFSJGKW0HF17RY5,16962.413582883237,HP4524
C64KSWF4EA79NQ4XD09I,16851.210760564376,HP4524
WKMN5NS0MP568TFOAQO6,15151.698173182658,HP4524
RWW34XGXRK04IFGZ8JTL,20251.6396961516,HP4524
9MKJYSA0EQQP0JFFA3DC,19036.195511816004,HP4524
XLW3E902I70XBZBIH0N0,18268.410248046242,HP4524
THT8F3ZCKVJNZB7VB23T,14918.795663631516,HP4524
N57B5BTW1BYVT4305UE7,18390.991736944987,HP4524
VEAFDVBOON05MW6QZPZC,19399.57286428945,HP4524
0UPXU5JKA3690QEKHDX2,16527.05887270215,HP4524
J98TY3JRYFGDKOKNYGIB,20138.627123127913,HP4524
P8LKEJYI3S78QIQORZE3,18979.317069053828,HP4524
5UD8NWBA5OL27GMKCM2N,17858.981419843927,HP4524
7S710ZK36LT4937PBSX9,19803.184639862793,HP4524
BNJ3I9FTT4QN7ZUUC40N,17277.35264514443,HP4524
H3ICH08835815VISWQZ5,18749.974115484776,HP4524
ZL6CFY2TSLPYYHFY3GO8,16990.841968730543,HP4524
DDWAN3MYJCGQ6OYQA7BG,17219.90050123952,HP4524
FA6FRCH1QSFFC894LD3K,18767.375576276765,HP4524
MAFKDI7U168H3LKXWR40,17389.687998330653,HP4524
G4L3RM7DZZ0FI4N6YMK0,17546.576120103327,HP4524
WNZT7DA36Z2NFP0HN4G3,15381.23156309751,HP4524
9W1EROQM39MUUWWT2ZN7,16612.918745912364,HP4524
K6DIKNXBXR3JLGKNHK1W,18965.27750774719,HP4524
61Z4RUMVIMBZBV9TZWR9,20050.560810935323,HP4524
H9TTIFBKIWRKZVCD2VTX,17232.865503512923,HP4524
5EZ6Y7QH6QYQJK30WYMA,17277.307797970934,DN7022
O82BHYT33G7TC07GFOAT,23264.245976958482,DN7022
RGIWW1I9OQUKF8CBCCUM,19955.034143074754,DN7022
NDED0WOLUG1HYTDERQKP,18739.29339918212,DN7022
5DMMQYTJTF5NHABWZTAG,16064.412249538947,DN7022
H5KYQCKUVHW64E97PQRD,18283.43039324141,DN7022
XSL5W70QBZ8O1F4CSQPY,19406.74992326368,DN7022
AWNOP2538PEXMUPISEZG,15949.874240631469,DN7022
8PINCNFUX6WO36PPR12Z,16675.693871844727,DN7022
0XACB96EC4K3CR35GRJY,16959.144758335093,DN7022
T8T3W07HG7VMRA5I9PUK,18001.135281532384,DN7022
X1MHHO7X03CHP58CF2HF,16630.022945835353,DN7022
RJT4924R9CFJLHC02JHX,19195.51636019304,DN7022
E3OLCA3G6JKHPNLSAONF,16297.960331658,DN7022
O5989YCKJO45QXCWAXOJ,18428.540058891493,DN7022
R9UHSW63VRTEG9WIX7HX,16531.50925952045,DN7022
YFYMAR3XIR637P97TZU8,21708.585172775827,DN7022
9PBG8LEKMVIO12FTUH9W,20766.5638891431,DN7022
EPLMD1Y728PIYV59V49A,20114.068021024148,DN7022
MBY5QVCOMOQ7Z7TV7MR2,20185.403628100335,DN7022
5WA0HSGLWNXXHVJMKQ91,19134.33848471457,DN7022
VM6UQYUR69KSG1CZ0JE5,19005.44527504246,DN7022
GVW12R9DC24CLGPP31L3,16103.018535425204,DN7022
OB13WDOAKIAPNOYEEMNL,20347.471860804922,DN7022
XYUNLC5I7JZOA7PZ2OIH,20504.13461056196,DN7022
OQ9S4TG8L9IGH8H57NFQ,19343.827062017583,DN7022
46DB2I21V1W8D6JG8V7K,17535.81156443779,DN7022
6FD0MP2BZEOG0PZW2OVK,19035.872944942254,DN7022
EREQI9XDERTDAK12XQFO,15770.33169251054,DN7022
SJ1UXPR3UNDRLZ98LRBR,19922.044962153574,DN7022
5XFY6J0U1TD9DW8IXV1D,19214.902880859612,DN7022
L48WCI9RK5X6EJKNRVK1,19681.108408828564,DN7022
691NZQTHZGVYO48WRIB0,19964.425368505897,DN7022
L9X8JIEPMFDT9Z9UE7YR,19666.0634861261,DN7022
845LCLNIMHPCKC84TW37,20391.1448488558,DN7022
TCWIHW4IIOKWB3QFFVIE,23032.774641158114,DN7022
LC64MQ6UAR6F2NXGJ2LL,20744.278740737343,DN7022
679BX7SQS0LCU84ITRLH,17933.344469270414,DN7022
5NWCC56LATXCC6RK3K8A,20106.371645362957,DN7022
5ZEZOURSQN0PA8GRL5NM,19626.85878238208,DN7022
5IQJQCFOHMJMQVX5ESJV,17446.119058901982,DN7022
8TMUIGBPNPE0LACYVTAX,20647.3426624749,DN7022
NLAXJRW22GFSL6QW6C1E,17573.769509105165,DN7022
P6CKH14US08114RXS1N0,16240.311167458001,DN7022
0YMV2M2MPTF2WOAON8YV,18050.046272567055,DN7022
0V352W4O20TN81MM2LK8,20108.91933767971,DN7022
CBN3N5E9VUDK6017LXUK,20972.185037963412,DN7022
RXOJ9O6Y5NJMM2E5QK22,18065.3483837272,DN7022
K79ZRZ4S88XHSLFQKZEY,15487.41227511175,DN7022
2CVADM984ECT2RQZ4L0B,18002.791855321404,DN7022
JHAE2GFXCK4PMW5G27B2,20769.651279472077,DN7022
FV6BV150UATORVKELVDZ,20865.860356449528,DN7022
JOVMDZEAU2D3DA7V56T9,18478.102636072475,DN7022
RY0SAJINH0L8W0WOS561,18061.57506338654,DN7022
M9B5DCEK62BQTK6DJLH4,17130.859953337676,DN7022
YIDLBL5GGR2TVK9QR0E0,17911.20851306409,DN7022
NXMKV51TQXI6FTT8VJ6A,17573.47428719519,DN7022
BZA8YWY4BY6RYH5IGKY2,18529.7798968264,DN7022
WD0H2WL8WBNX90FAD6I7,17964.40207572318,DN7022
9M2I6K1DCSQD05SY60Q1,21636.44058328237,DN7022
QHUZZII4361MV7MRH9PM,14494.6036373389,DN7022
BONTQX6FQY8CEZJ0AS0U,13934.072686974008,DN7022
XBVCOYWY1HVQ56PH9TJL,15934.484252944001,DN7022
EX0CQMCIXJKR8JFH95AF,18188.208723457632,DN7022
EVBZM5M9ADWPCHQLQJPY,12953.911226819586,DN7022
9IEANEVJBQDOOD2RROBM,22677.899696588207,DN7022
8GQRJZANUO09CHY5FK8E,18416.007475984283,DN7022
8AXAGHJZWTGZZSSNO26C,19474.563033284045,DN7022
9JZHBRVOSIMQATHI28LY,20332.60476582759,DN7022
IMEI6O49H7K616PW8F4I,21392.862400202608,DN7022
JEUXPGD70KWXDW9NW57D,18144.31074015887,DN7022
E7UDAPC7ZBH8IWE7B64U,18992.062629043736,DN7022
PB5PCPEKAVTMUZDD8KQ5,20008.16416667235,DN7022
M7CUMTCN1JY2VI55EN7X,19343.450676286586,DN7022
COMRHQI7GH0KYYBNJDID,21623.30187322795,DN7022
JDN87OFCFJ2LV7WHVFCI,20534.536159300213,DN7022
3IR75I1V1C5OKODTEHU7,21351.824794405187,DN7022
PBV247QV56AVHPSWCYSW,18625.17431572246,DN7022
GLCWZAZGRV4V3PL9EV7W,18704.05908108384,DN7022
FV047ZGRL0MDS3FWN4F7,18173.57542024938,DN7022
OLHVYBZ5YPVJ2TWYCYRH,20504.513264273286,DN7022
QUWVXUMLB0EY2EWNO42R,21597.41909248189,DN7022
1K0S6XHOG263IHZBM70K,20286.56153884054,DN7022
WIUXI7YVA07VF21B4K28,20659.138180041802,DN7022
DZWMB8064H09XF199WM5,21822.796382109904,DN7022
GY7YSV29M29FAEXWEX4G,14709.559360244803,DN7022
C098OOOY93X29E1M1MOS,19513.31719522394,DN7022
PFVGYWBPB905CKKO2U4O,17410.001332238142,DN7022
TR7KAY9KAQHHUNNVLDFN,20004.712296813228,DN7022
V06AND4ILQK3HWSN0HA6,16602.059659744085,DN7022
Z44HXKXYRNUTC884ZLV1,20946.288816454435,DN7022
CR5IVKJITRY4MY6E7EI4,19933.0728362393,DN7022
3ZSTXLA0RB3D4GVFUH0J,20197.165190444714,DN7022
QT3X969D5F2QYA82LNA0,15753.249686533054,DN7022
BFIHB9HYQHIQ703ZERRQ,21467.360261815462,DN7022
WVDF14ZCA09SZ0F2G8UE,18205.400727965934,DN7022
9HMOCIB92EAR23VJ1MC0,17582.90901390653,DN7022
2DHWTFSLOGFML8MCD7UC,18912.81515380473,DN7022
OFT0P5VMVWDQJAW4ABQI,18047.44224820457,DN7022
Z610JRCLQJQ2QA5V4V6Q,16228.294619314507,DN7022
NQ2KSFK8MHSDP20ZG7PJ,19270.753075987253,DN7022
DGI40M83U0Z56D4MQB4O,17077.00742140319,DN7022
WHH84R8V1NNHGQFROXDD,19154.91574700018,DN7022
VN7WU6ST0TYIACQAHF23,17712.868986983896,DN7022
9CNKQS2QXADOB8NAAGC6,17131.89741205244,DN7022
T1CFV25D6OZCDSDE1484,18140.945088257642,DN7022
1MQ4CLBPUYXZD7W3VGSO,17849.43665654503,DN7022
J5ZWNYA3U7F0DTLOP9OL,13928.82366256453,DN7022
P2NVTU0WO9RB4OCB969B,17521.750166454418,DN7022
POLWD2HDN48ZYZK2DNU9,15436.045202313822,DN7022
OWP9MC8UJP0F7DE9OUU7,16453.386235835773,DN7022
URJJ72L7T1SJNWGGNDFU,21640.261042947397,DN7022
0FSFMJWQU1G73FNE5W53,20084.60866368963,DN7022
ZCFM2YT5ABXTBNNU47J0,14288.706972881695,DN7022
WAHRRHGS4W2EYZDFB37F,20642.552198526777,DN7022
0YZ3D1H0U8F7WMQHXEVJ,15536.0609150327,DN7022
HA3N7OJIHVGHTFGESNNG,19358.1859746049,DN7022
TRPO2UT2YFH3L8H53ZQU,14981.230688713413,DN7022
ID37Z4XNLXRPYVECDJ5V,14862.658395752676,DN7022
L9CHJNVTB5VLBTSV3BWU,20440.74344808846,DN7022
O9UXNJFWDLW32YG43UWP,16933.139707760056,DN7022
6XKNGOOQ709EFG9ZLFCT,19293.909364042105,DN7022
8U6J1H6OG8VMJBHGDVQJ,22585.63659731934,DN7022
LLDRI26IZDNUC3JW7S2V,16688.680401290574,DN7022
0XPNM5K92LZVVJBK0H1U,17268.31554568995,DN7022
24WIMAAHTEDLFSVJFSI7,20496.770208101883,DN7022
0G9LXM8UFMKFWQ6AN1OJ,17733.17821350346,DN7022
W5H1BVUALU4JD5HCMQ78,21884.746097244017,DN7022
NBN5ZBPTTHEFR7HDXJFV,19021.904523596913,DN7022
XGYKLKQ7SDX8HWK5ZWID,20707.251225886386,DN7022
SBLEJRFQS8U2YE5IV23N,16257.446021651484,DN7022
YZX0V0RF49PGFEOYIRXT,18453.07669039125,DN7022
NSC4SALIC5FQNGGHB1JE,20202.765365430267,DN7022
KMCOJ50XCO04HA5JTDBW,19056.238474920865,DN7022
A7M9XVB5CQS1O1RJIKBQ,19962.8737607615,DN7022
WGBAKA8HXUQEYM45BSEJ,19037.155442761694,DN7022
TJO6Y39CVWZY7MMTQPV1,16610.677441964894,DN7022
KEKQAVG5AHKVNWBSRXEN,20179.675954010076,DN7022
0Z1KAJF4MALGWA7L2OU4,15158.99565367198,DN7022
ELDNL3DVLMTEDLQHJMED,19663.062976703193,DN7022
C5YIKZ5OZ8QN9MY63HWH,19042.4681321256,DN7022
B0Q3NQPZTD71NJVNE33E,22442.967673508432,DN7022
CBCVNVMLHLICE5NYSS19,16591.414620439184,DN7022
LRQU6OKC486R5NNPROBD,15941.767420617638,DN7022
9DQLC0EBI9EUQAS2XKJ7,20065.645609697363,DN7022
DTN7GDW7F979BAC6H5A0,22456.403355734543,DN7022
KWRW8NI9B6XVF5WHXGSO,16648.416832723433,DN7022
C108HFAGTLNXQ52UPE15,20367.383054883827,DN7022
LYAPFUIFTQH2UVI1MUCO,18796.625895364625,DN7022
CZCY2L7L5PR01FLGDFSX,18546.961347322747,DN7022
PR6X9JMXZGN81TYA1XNQ,16440.99657105568,DN7022
DY4FZLWYQZFIK11BND0S,21132.26578153815,DN7022
F7N0RYB1JM2D20TQKL8X,20074.75113549421,DN7022
MPEM9X5V60CB0EGMHU4Y,17851.394081908697,DN7022
PNF1ZFE8E3XXJT031I82,22353.374969789038,DN7022
KT0IQDKL4XPUCZTQA4PA,18372.37455217388,DN7022
YE8WHGAKTRCHLUZEKA2K,13252.270023883973,DN7022
J26TD6STAMYUSRJROPEU,19722.907990949185,DN7022
851JJDV6Q4TIUM3LCAU7,22928.7412728495,DN7022
EV6DWNEBCY4Z3JK6T6E0,22598.2014086295,DN7022
H0ZT0HONULINDIPMQOBZ,17317.01194530483,DN7022
WKDHO4S8TFGRSD3ORYCX,17689.199254472584,DN7022
VALCF2CN07W7NMYTT8OU,19343.33348969581,DN7022
9UHWTG7EMSWN8JE4VSDQ,17666.614097736452,DN7022
UJ01CP0RTO56WJ53F6EV,18251.73016328378,DN7022
XZV48ZE2QSP18LIHWU3D,20012.97718788373,DN7022
1E9YNL078IZV87TZLRZF,20548.049381039265,DN7022
VZXFJGDHC4RII2S449LN,20963.98970455138,DN7022
NLVCQO08N4O918CU684V,21927.487969483846,DN7022
0RYCBRSP1WF7OD57VC7X,20874.31324050204,DN7022
MXRXAOYQPOZZ8FO31E45,22227.821943126895,DN7022
CZRYEG1P12P8E6DU06ZL,18325.119138659007,DN7022
UO64WZZUF71XR44LA0FA,19345.95027351947,DN7022
POEUYMTG9Z64DN35NKSE,20561.198786290763,DN7022
RFWOFLAH8IFUYQPY9IBG,17600.90611382853,DN7022
YC28CJ1412PQZ1K9383V,19410.348166770604,DN7022
XF361RLWCJUZ8X2CAZDY,17473.967103685925,DN7022
HO4L5FDCGUIHPJLF54Q7,20513.59419482369,DN7022
GU8KGL7LUCGK2MJIWKQE,20196.1475949309,DN7022
93JW7S6EG2J9I34R7550,18607.939579476322,DN7022
TAXFZX6QG93T757C7PTJ,18823.989360127565,DN7022
EKGXWQ8QIHFNSKYDERM6,21251.329582424067,DN7022
STZ2JOJZZFMQQGVGJQZ2,18516.544107506226,DN7022
284FXJKIJUUM8M4TC9JU,19845.604921003833,DN7022
R6DLUNZTBNQBH91R4RPL,18520.27855389928,DN7022
NX9HBO0PAJHPJMT0E22L,15252.361090274238,DN7022
2IZQOJPFT44F27E98Q3N,15666.168922234789,DN7022
0ERGRWF5BTTZ9ZHNOJWG,18953.744835432182,DN7022
UBR6NR9WHZOSU09OCTCR,14498.949498538916,DN7022
0CYTPII0YT4ZP5QFRDFY,17940.428759278468,DN7022
4CHNHT5PRF1WSQIBSWQN,18220.714955791347,DN7022
PGVA81AV8X38O20SDE8B,20216.18124462552,DN7022
C68SY7T4Y7AV3JQ5Y1G5,18799.734858819626,DN7022
ZOH6VCQMLZVGEWKLG2OQ,30597.67770477852,QX7315
DAY4ZDOAICT5YY4GQDY4,26256.532576953105,QX7315
YK2IWJZOI2SZGB9E87K6,28781.8172180343,QX7315
CSNBOZHOIAZFY0BXATSZ,27527.71013135626,QX7315
THIJO2N7LNO9F9QW8TFS,27264.13022451671,QX7315
A7CRAPJC69XFHJLQL0V2,26547.262329920675,QX7315
VLDDEKJPGSR9YRFOA2RT,27296.891353497595,QX7315
WZ8VZVIUR40P2KHIA81N,31521.081360871965,QX7315
NLVEAPPWPGBGTHIFPPY6,27339.287045918292,QX7315
25HKN2L7VFU5ROF4UH9D,28310.88651031364,QX7315
5EL8WUOSF4T09FY76OKR,30243.256624145284,QX7315
8J4F345ENZ3OPQUXLV43,30823.679649071342,QX7315
HNLBCGI54MYCDYVGWQZU,29010.504543957533,QX7315
4PTCRSGPEB0P4NW1HJXZ,26952.52703225524,QX7315
WY885AG6XIIYPWC0YS2I,26656.93927665998,QX7315
UWG0BCO69S87BSYI6JWV,27925.325450922584,QX7315
HTSOQQR3WOWD73OWCG58,29875.31072766403,QX7315
YMAOT5LZCL5RWC4MJWEN,26943.63742224079,QX7315
UBGPEP02J6RDGPLK1R9A,27363.316715726287,QX7315
K9EBA8ITO05UXIISHGFW,29966.510503666985,QX7315
0TH8TQ5R14F7C3OYGUWL,29574.04095025951,QX7315
7T4NR2F53RROSTEVJGIM,28501.68731259255,QX7315
OAMO8ERXNFJ8TTRQYJ1K,30049.911763295175,QX7315
2TMSQ7YLWP01VS5GBN95,30341.531447321606,QX7315
8ZEBTZ4XMWGFL5ITC1KI,30347.895211498675,QX7315
3FBWJGFW0E5SAZGISK1Q,27148.934717505235,QX7315
305LLAWPA5T5RP50PFGG,28225.521952157513,QX7315
Q9308IOWSZWFCAOJGM4P,30699.313171435737,QX7315
BL72GFF4A19LOYO0YB3K,27374.24485661448,QX7315
S800ISWNPLQOOBGM7MM6,28675.047175152053,QX7315
AF8P008PRGHXNVDWJVRB,22546.575496326135,QX7315
XG2DCQGF0HKD58XJVPJX,29822.38630563648,QX7315
BLQCCHF525BGSPU45TI8,26868.28452508739,QX7315
0TU22DPGBHY2J07PZTCC,31071.569741224444,QX7315
MW7Z8C15E7OJVM5XXRYC,29891.12830427416,QX7315
NF6MX4EXOZJLICZGBQJK,27310.21873521185,QX7315
WQ0EYXOLGEPWGMOGT47U,28873.98677559381,QX7315
NLUIEOZDN7UYC79P6USV,30939.158479786758,QX7315
D1YG1Y680UNNBPWOTJCS,28823.105815753268,QX7315
ZB88CB9XE1YWPQMQLQJN,21594.951724362538,QX7315
WJZ5NFASGM5UHHPULEAL,26879.328819483544,QX7315
P72EPAZ02CJIXKW8IAIO,25407.545624733822,QX7315
1MAZ58CRYV3LVL08O6DC,28794.067301298503,QX7315
51GGGNSHTVLAZJHY4D14,27228.941388607767,QX7315
718AKEQGNEAQBRZ9XZO6,27136.247058482226,QX7315
HW13RE92FEQC7B9ILEJ5,24450.753902977005,QX7315
0IF4G8YADF7SEDC9V76B,28648.76921322556,QX7315
LEH9BXP1P5U0WOJRN5NV,30649.661331572133,QX7315
YU1J88W8WTGWV8PSN04F,27951.705509117484,QX7315
AOB614ZLYI5S4C0PK6UG,28041.914916582988,QX7315
654RTGZ97PFJC7K5J4V7,26299.260268932117,QX7315
7SOG731BFOPPGX5KAG4W,27416.247607524685,QX7315
0VS24XQRUM3OCOGH8R6E,30064.629261261493,QX7315
A653ZB7YLO9ZDXD7J071,30509.219655588502,QX7315
URPJK72SZHK6ETR4XWXL,28062.648777856568,QX7315
X467ZMNB7CUG9XYUGDJO,24996.723258239675,QX7315
HNGT5IX6IRLNNYS12K6X,31186.198858993772,QX7315
VWTK7N0XJ2LEX6EV2L47,25073.527607114152,QX7315
RMBMVVLE9PK9Y7OVSQT2,27250.3130531857,QX7315
QEHDVE1A3837GLVLMX44,27490.00530147478,QX7315
L975SCS3M29ILOZ32KD3,27228.53623527252,QX7315
6K4368OFHGP56TGOUFZM,30237.931603187048,QX7315
PDHFOZXZSUTOTVEXOYIN,31237.938062338893,QX7315
HYMLE9029L6U89PR8T7I,25800.035310509826,QX7315
F9YSHSPDD92RYIUK0I7M,27759.364709300527,QX7315
DT39P9YE5R9PNMO6KJR3,29842.924246524526,QX7315
8AROQVN5352SFAQE7MC9,28807.80886501851,QX7315
G06CP4C21E6ZJZ9RDAB9,23194.982452299657,QX7315
MNNX2UU2HFMKW0W6LMYN,29255.416247764653,QX7315
Q65MO4TUXQIM390V27JM,29629.195381816477,QX7315
D1H3R0S50EZU75RRUO7Z,29656.82673834987,QX7315
MK03454RWRLNB59BULRI,28015.905433821914,QX7315
XLQRJJUZNFDVIZ72TVHH,29921.144640067658,QX7315
V271HEEIXQJOHY74I3VO,27459.719722632835,QX7315
I2J1GJO5X2G3OAXIXSZI,29757.144010895594,QX7315
0P940DHZ993EYIEDNVXW,31462.815488013974,QX7315
54PGZP04GMBY9DMKSNSU,26375.432655357923,QX7315
8XMCVRE4BULCKROUQGY7,28759.182774063098,QX7315
6VUCGZ0ZISPKU7QV85ZV,29516.771950884777,QX7315
OATPMDAP1KAVH8WQ2QSX,30974.103301051324,QX7315
NYXJ7NFGVBC7XV2QLBJ8,28724.997828320476,QX7315
I9HVJ36RCJY33UOAR2QJ,25268.03751175981,QX7315
3E5JCRCROA1RIAI9EJ6K,30948.180632510706,QX7315
JZWDSGPUFPVRWS8JA8RF,29000.742956220536,QX7315
6WR43S3PW0ROWVZR68JO,30008.735837946966,QX7315
G8G51M1LCSFKQT561IL6,26414.86276072681,QX7315
NMPUIG843VGTHBD3YYN0,29189.213086465985,QX7315
HNLBXTX96R1KM0FQ7QE3,29121.697583739013,QX7315
O2M7D02C1RIU54EG6H8O,30127.68185606265,QX7315
EQ8ZVTDRLRJ3Q0GOA8MO,26101.71948325999,QX7315
T5125MAPMY6UZEG2LE7Z,29755.332599886613,QX7315
A8WA49VKKNRVCPY8UDG6,25993.320562268756,QX7315
LLCJSVO5ZBZ9SA8AEL71,28126.31533659066,QX7315
M2VBDWSB2JGZ9833JY29,28625.555259510933,QX7315
XOQKGK1R5YY9G2RJI3X9,26960.625780922317,QX7315
DODOAV8FIH1ZCJRN7CY2,28243.422716369998,QX7315
8PSI5VO11WH7TTJU8S6A,29119.635081898043,QX7315
8AHL4DDUZQON7KLWOMWV,26464.43711212617,QX7315
KS670DXN16AXH0BHTROZ,25025.59744700883,QX7315
CWXLZZ275TR88UI4PFW2,29771.640360757185,QX7315
44CIPT6V5VN11Q1ZT027,28558.365226742324,QX7315
XZQ5X3I882C70MPVB1M2,29840.114051618308,QX7315
GVCLXZ1RYINWA26X1BLC,28196.85508808161,QX7315
UGDD3RHYQNZXC725DYDI,28490.433056793052,QX7315
KIWKR5AAXL89DJK1EPQX,27133.5048172127,QX7315
S3G2C40F06T8VXB6M1AJ,28298.530923706097,QX7315
Y3ZK97MULTY4VVI4A2GR,28442.617848785623,QX7315
9IJWHNZ8BT74QZI6Q87D,28367.389462014286,QX7315
1DLOXN4C9G3U9Y01455M,27656.561974534554,QX7315
8SHCH84V9EJDVX6ZE3DJ,27050.754220188755,QX7315
9WRVH7R34SM9G068Y6OW,28755.927085592,QX7315
RKQ2B60TIIEVXYFO5X4V,24802.530835438833,QX7315
770M6EEWIJ5K90UYFH3A,28031.498037400983,QX7315
Y45AG71PLPZDKUA81KJE,28047.082650262848,QX7315
1MMQU4V3JU6Q8OSMOFIC,26877.377144819653,QX7315
ACRKO6Y6OINM2WH2PB6P,25302.475562741452,QX7315
W2C2AS1UOB24IYJDML9L,28017.22560644599,QX7315
8DICRVOZUFU5RXKIXC8P,29924.78754797915,QX7315
E7VW5OJGJL229OIDOPMJ,29077.152337932188,QX7315
MDUZEL3NJ0Z0RWS12V8V,29019.04783829349,QX7315
CJZI68IONQ58XM0FB6HH,31029.459237287465,QX7315
KG5J91IJS3BUVCJCPZLH,30235.639466014312,QX7315
985SAF6IZ0E5RIUM2LF8,25037.328622856097,QX7315
NB6ZUUGV19IG8Y6R64YN,27317.03789798912,QX7315
YMUH26KN2LHWDACHIL9P,25088.834341977283,QX7315
WVD89KZLOATSSXBNC5MS,27973.752897217924,QX7315
CLU8HWWJL1VY12WOL8FV,28576.094991580303,QX7315
009G3NYIGF3WJ0NF0043,26294.11218865372,QX7315
ABIJE9AVFVRTKN9R8UEQ,29539.88092424417,QX7315
OTDEI0059EZMUBKXZ149,29182.921059697175,QX7315
GS8FBT3VZRAL0GF99GCU,24864.396399225683,QX7315
LNFYS2KOSTAZGIBPO4TK,29804.269619360937,QX7315
TZRGQFC0N5UU95IZ0QFS,28569.508178270647,QX7315
00Z0NIUARUP91YLAROYN,27941.855625874596,QX7315
7S0MBFYOPLFFO8VRGZ1I,28409.40114269908,QX7315
MEKXHIQN6V7J3DA5NJAE,30359.492590431797,QX7315
ID3LV1PXCNGW1F3YD8RT,29240.92828262685,QX7315
ZVUWUA56FHTU5S4FV6ZZ,26847.94021785368,QX7315
DN6OPZE28ZQYVZHTUQRJ,24911.39562686586,QX7315
ESK6TJ2XZWERXJ69KA63,28749.219817589914,QX7315
IBQCZMXJULAHAPBFI2BQ,31684.91173482389,QX7315
CCP60AJ3GZ3CBLLYBH0Y,28077.23934212959,QX7315
TAVWX4HQHGMRNX2KN4HG,28940.087302186443,QX7315
HEXG16P95YXMMFUIEGY1,27672.321365194413,QX7315
4BPT6C5AABXB1HPR9D4G,31004.468909283692,QX7315
WZOIXRRK9XPV2JVJW8OA,28922.147779146864,QX7315
DVRK1W8MYRORUKO8DAQ0,29450.424666310937,QX7315
N4XXL5I37ARC0WMMER0D,29001.8618265134,QX7315
EY0304Y006XZAMKDZ4UX,31340.23540667548,QX7315
NUM6SEJOMFOT8RTC10CL,29311.73664679681,QX7315
FUZYJH28FURQ8BZPJGIU,30067.597343401878,QX7315
D2MCXOYY9CO7Z3LD75WK,29226.84480897838,QX7315
D78QEBL7ODHA5PHDLPSR,29081.966761988868,QX7315
EJB76QTDNUGQQYYH61G1,27878.210566720714,QX7315
VIPT9HX2R3PF1SIL0QJF,30598.423882633753,QX7315
9431MKWWK3WS3BTP5A8J,27755.691614687807,QX7315
CRUPS2TMI44YUNMH0AOR,26333.132145071282,QX7315
7DV7PHAL4QUXDW5BZS73,30185.25163685414,QX7315
SYNDYLA2C2749ND483KS,29184.48803398963,QX7315
63QI7SIHSHQL3HMNIANH,23325.965280431876,QX7315
1VAU66ZWCLTJRRHK2PVT,26661.098351802233,QX7315
0XK77X5KJXN7LTKM3LKO,27681.883451527665,QX7315
I8CNHFXICXAOLKES107A,28504.04616658441,QX7315
0GQN57ZXQPXNYOZHN2RJ,28670.09850163398,QX7315
R9C9LW1WDQ2MDDJEULCY,25522.091498974263,SS2446
MUGXWU3VM5UNI4M4F3XT,26419.692013596832,SS2446
FHSC1ZVXPVMKBPB65KN3,28656.8512903066,SS2446
96FBQU8E8SZL4ZWD8BRE,29615.111659277605,SS2446
JD6KHC6HQ9HKPME0SDB8,27573.37202849168,SS2446
SHJN3OL2DQNV3Q7TLSJS,29724.783640905458,SS2446
94J1YIDEXC7XTZNC812F,30481.120790110217,SS2446
7U9B48C10ITX53TDH7DT,27474.6319102521,SS2446
AMZY6ZXC5X91QJS7XC6K,29758.260698624235,SS2446
5G444MNQHXPV32O052NB,22686.910465560853,SS2446
2O7QHRQDDVFPZCQ97NA8,24353.35730777298,SS2446
Y1A3QRMKT1N31G4IX59R,28655.492423976553,SS2446
PG98BSL1IEJS0LWBNKNM,29033.841051302355,SS2446
HGYBIJ03WW5QTA3BEX38,31820.164048018873,SS2446
N0MK12A191TDNA5NZAK7,28170.827721790294,SS2446
ILFMFNA21N7VM9W5WQ45,28262.39979686088,SS2446
QC1QT47TWKAH26EZ32AE,28273.42036873958,SS2446
Q6SE0URFEUI0BS3AO4L5,31106.35170015587,SS2446
1W3I87U1N0IEAG2L137N,29622.27016065273,SS2446
PEK317NRM63MQRB4MB8G,29292.844754420592,SS2446
TLJ4XJT9VE6WZ1DMZM62,27571.07751207087,SS2446
YI3JSP3I3QR6ANZLCF82,28433.30918437752,SS2446
G044YWN3CHLIDX7ZA5DU,31287.336499964742,SS2446
CFPY9UMZYXBWOJWJP6G2,28598.339725033533,SS2446
QATXET2KQBV6805FZBUO,29261.730101806974,SS2446
J3DD2DRN2WAO1VR6WF9G,26382.741813309134,SS2446
MF223HQ6LR4V625SZPIU,28088.878588892632,SS2446
9QTCOTACXFE7ZKDRKILB,26492.053773823616,SS2446
H63S2DKHQGDA4B6K82I0,24763.111774806377,SS2446
I5N9JSBGZNQGU6134SYV,31135.852424421602,SS2446
8I8GAMYPMLORFAJUYB9N,25199.251564588994,SS2446
9VLF3AQ5UJU0871GE0X3,29069.84873300772,SS2446
42VRSMQ58ZFUOAP0Y97W,30657.279501774843,SS2446
BP5TC0L67BLNDIW9PAUT,30472.137213676076,SS2446
K41FO1KKQL18JO0I4MNM,30279.156992903685,SS2446
2TANJZGYX21KAQE5J757,26647.80927771639,SS2446
GMVHDF69FJG8V62N4BPO,32416.052971965648,SS2446
D5QHR7BALLDPYQYVNQ0H,28805.17715795087,SS2446
YGPVVCWFXPRCN29WY4BV,33205.296060306195,SS2446
NUWJFH7DBIDW42O2G692,30221.704390537245,SS2446
LVQ4NC4G7P3SXS2MZYIX,29375.408820420434,SS2446
04J9CQXXCJ5CNLBM10FE,31076.955366100603,SS2446
9NWI1JSFPAS7XBM7UGFQ,26420.07257304131,SS2446
ZKROZTPLLEHXJM52OPIL,29756.002221258856,SS2446
7A3Y0W0L01NRQZB5ACXH,30892.85847783753,SS2446
RTQ2AE7M5N9LRE2D2RUZ,29533.544856796,SS2446
QFDBFKOEJVSNQ5ZJ7L5Q,30232.908808052198,SS2446
7IHTX9N384T48ORFAP6U,31213.009569582082,SS2446
PC902FFMIZSN5NJ63VLW,26880.475614238097,SS2446
ZM4VXRPXJOZV6G6A5DJW,29449.306768642942,SS2446
A0MPL5RKD77SVAUZGG0R,26435.245781112993,SS2446
XCMCSQ6OGLGVNMXNOZ73,27354.131318104843,SS2446
9BUMIF3CLXUVMASIDR27,29002.46212636252,SS2446
5HSS5JQXBBZUT6MHWA2G,29979.30845845425,SS2446
FKW013UM9VJPGVJMD9UM,31817.65444001175,SS2446
D6DI940O2NTEI4Y5SVLD,31423.176291838045,SS2446
9MEZBV2LERD0CSAXWAMP,27009.66180703483,SS2446
OZ45N8QUSYMOFHLB1TUI,28817.438826230744,SS2446
D3NDYXA0VWXXQMED1Y5R,25141.082631897083,SS2446
FISWD0M6DMG7KWF39BRC,27746.05187610144,SS2446
RMZ0MHM4C3QTOI1S57AD,26009.839305850095,SS2446
LW92QUP8SVTX25GQIUF4,26495.25665977065,SS2446
OO7LHLJTZDDNJ7DFE3Z4,27858.269845850944,SS2446
OI31EA3OA2AN9JQIQW4X,31107.05434147684,SS2446
EFDYUMOTWXLPI64056TA,28533.404745489643,SS2446
TT2RD2EAX0LEK8K1BHFY,28329.739653621287,SS2446
R8A9O32TWZU4CYW15N6J,28364.27752139675,SS2446
MQC5Y0MVF05L0OIOCC87,27910.23949051438,SS2446
CM3HKT6T317MB8YQLYT6,23450.281822498742,SS2446
S32DTA1BWEW03SJKGG8Q,32318.330457917833,SS2446
7TN4FC57YXUCX0TLQ0R3,30664.85605116935,SS2446
9OKQJMORDP8AC8D9821X,28410.909138598494,SS2446
17K5TOA0D9UPCCCZLSSV,24975.475097009155,SS2446
89U91QSHRGA0N1TJ0Q22,31393.499927604877,SS2446
GDX8F7FHBZCM8UKO7TLU,31076.064718458936,SS2446
CVLRWQKS6BCQO94817QC,26973.05051968674,SS2446
J0HD8UQP5PGSY3270TQA,31936.78013425188,SS2446
41UH9X9V3IXDQWD540I9,26954.624380950303,SS2446
BP7811XVFEUVK6YC003R,27419.518606357407,SS2446
ZBDFW66UX270FF45OI58,30237.179784691427,SS2446
OWHLZ45VF15NQB0YKEJK,30510.29496538009,SS2446
9QTIFC7C9MB1PWHC06ZR,30261.845506205773,SS2446
USGGE77X516UXYUSWGDQ,26163.738495839676,SS2446
9NDJ40LVN3WAX53WV76B,27481.345291472087,SS2446
G7YVHLWSY44HX6PGVZSO,28225.00727022679,SS2446
9SFKING3EOL74O4RQR9D,31721.879776704794,SS2446
7XFXUKUFYC0KFS2DZZEE,30017.45611424905,SS2446
QDVVKU69CN716QUYLTUZ,30538.517983031397,SS2446
4G7V9A8U4L9QIUWDOMME,28598.720869255612,SS2446
DT1QVKUZE5AV0REH8O0T,27546.607981741294,SS2446
O4S1M22RJHXH5H164K0Y,28064.158035705328,SS2446
IJ2N6ZCLIMLBKOIVGZ61,29936.63800843685,SS2446
S4GHAUHUAMKT01EPEJ37,29697.60687657108,SS2446
W2ZLXVEF48P4JUQF86X7,29906.146023126697,SS2446
7748XOZHBQ82LBKNRNXI,27575.842950137336,SS2446
UT412DZPPZ1FO8KVRGAX,29592.480413041547,SS2446
RUA9UUN1FROFMHG80XLF,30082.935425663738,SS2446
MEYNMPTR4T4X11Y1CGXB,27540.922260910393,SS2446
546Y9OFV6R0CD8HHGTF0,30554.32267712323,SS2446
L8VFJL4UYR7P8LY45VA5,31420.65124529326,SS2446
UAVL4RHOROO4TRFE55DR,31283.39007543202,SS2446
M707ES0Z7P6EVG092K4I,29766.548057296473,SS2446
J1II1HAS92KSE43MDEBM,30956.307861168432,SS2446
59H0Q4IBBS9CHHP5350N,29749.824884048736,SS2446
1I08OT02UP7XS5Q82KB4,26762.195104457296,SS2446
2WJW3160DCRNQP1Q0U2J,24984.811145630105,SS2446
0FRX8QN2CRHMWRRN6Q6R,26909.593572578142,SS2446
X77MWICIP3AQXXNDJHTY,26059.163409706125,SS2446
OYM5IEVCJW211WO4ZI2X,31495.362867098487,SS2446
UOT5VDGC6HNMYS6AMZH8,28586.51800443487,SS2446
T0P5CDIEIS9LC32BCLD2,25785.114052721117,SS2446
8FQ73GHZ5PDZT1B0Y3WC,31689.67051765122,SS2446
9KJ95KIK3RL00JLUCLF2,28843.70943362033,SS2446
UZVMWSGMOOG7XPX6R7Z0,28168.02647645247,SS2446
IIVFJO91L1O6HT62NIPD,30330.88550553497,SS2446
LA1OIP65TNQI07L8WQTV,30773.39420222621,SS2446
CM7HOLQJGL1RXAD3QRX7,28067.53479125013,SS2446
XBGOA7KIZT8EMMUFXPT5,31193.904386232447,SS2446
F44YXCKM6U3VBBFRQ7I9,27152.701520121816,SS2446
EZ53KLQG7NCM10TAFWYN,30874.020112585844,SS2446
E6THZWBON1R8DIIWZN4T,24509.062437893543,SS2446
27399MH2KE73XPTGO5O0,31345.624570128217,SS2446
I4J737PE8H5SPQFTFDID,30405.979029218048,SS2446
JSKLK9J07FQ6FPIH4O8E,29310.347297731634,SS2446
T1YXF73ZCJE5RBSJO0F9,30618.67191413293,SS2446
SNN4GESY500JMQ313827,30600.22533182578,SS2446
C5WC9HGRGX8MGP2Z9W0M,30953.458934981812,SS2446
S2APYS03EZSAA3K7TQ5Y,28004.289337405164,SS2446
4KE9XASXL9IXOGWUW6PW,29775.20477697013,SS2446
BYVWX4CAH17FQ8S2ZEDO,22327.55262680059,SS2446
6WIY0G2O3UURHOFCMJB5,26016.501512958283,SS2446
XMXOMPIREDXHD9VYNZTD,31505.67922849647,SS2446
NFRTYVMXG0CJXG1T8PF9,32626.596138816163,SS2446
5OICB6PDIDAFYE3MNILT,29806.137236859882,SS2446
XE0I3I0Y4S9IG1RRAM2V,30143.627739585576,SS2446
PQI6GP1WVSG5FPA8GMBJ,31069.78341789496,SS2446
POOH0UJLASQ0RS4ACV84,27766.53392954472,SS2446
4KJ5J7ZJVU0OURU5XOZ3,28047.105833768146,SS2446
OZ2ECC0M42BMD4T11BTB,29672.893639505193,SS2446
LO7RAPF578X2R1H2OQDS,24490.82880543681,SS2446
JBLQNIETK6D41I9OW4QA,27992.589737886396,SS2446
QS5Z2YM6KYPBP81R6PMR,27825.874230098085,SS2446
IAH4DJI3BT9BMQA70EDT,30278.931526878372,SS2446
7URXRORLLYQGC08FDXFW,28382.262663521098,SS2446
33Y7C17Z0Q8A10IRGGP0,30375.611926305734,SS2446
KDLIV8J69E2DAVOYVZOW,30975.214543247846,SS2446
QDWQFGRGEJR74I1D1LQO,27864.786965114366,SS2446
WAZ9W2ZNP4J318HBD1XR,29939.12349626611,SS2446
OXK6CVDQ118HHYXO84WU,31291.067205336454,SS2446
BDAAXYPO6VHH4SREFCDB,27371.379453072892,SS2446
4CCKGEYKY45SW7F4EPZC,28962.422268754082,SS2446
4U7MPGTFTM2ACW4K0D7W,28325.60122023671,SS2446
KSIPFDAD2ZYYYH188JIY,29076.91477225259,SS2446
FJ2T89SJFBUD4RX1OJW9,29378.36393807546,SS2446
4G8JR0UT9NDA2U2UG3DT,29951.71983630938,SS2446
SDJ22HI1ND6I0SISQLAD,26163.65030234547,SS2446
31RIZ3FJ2D6U3313R9QF,28815.713118819673,SS2446
GBL81NB6M7BMXFRSLD0N,29137.767671294772,SS2446
OJJDVXY6GIIZ0LNSSQJO,24174.435188216114,SS2446
A78ZRZX92OIV08OH4ZJ0,28893.514916822387,SS2446
6A93SB81OLLTCP0HYMUR,29458.84735389637,SS2446
YEZ7004KALRGS9AN7O76,26117.032764111325,SS2446
MJ5C0PWI56PL7GOCYYRJ,28654.064013848394,SS2446
69MOMWNKVT67XRCL36L1,30255.143989554057,SS2446
K9OC17N0GOE4G887KP6T,27398.449576980332,SS2446
5JL5NCOM3OBUOOE1EL9U,25941.273781028198,SS2446
LTEPSRJ6QV6KFCX5L44J,29790.472807780265,SS2446
Y38RBWLJRZT69V8J1MA9,24052.208327345135,SS2446
AU2Q52KB0WMBWZ4HY9TW,22148.312901144516,SS2446
5GTQLVBYNS1V04FTN0JQ,27662.071855191123,SS2446
2GLH7WZQMTE9KNEADO2V,24346.2268700539,SS2446
W9LAAG6J7D2V8UIDN6ZI,33171.65079547398,SS2446
7VAKH18Y8SQQ8RF7UEPK,27536.11979502408,SS2446
DRSR19D1VDQUEP02IEAY,30608.12357303107,SS2446
3739439S5VL3GHHH83ZU,30236.944520224417,SS2446
5ITSSMD95M6GFPSRWJGB,30358.623908275684,SS2446
XZ42HVD2ZU4W7XDX1Q70,31411.967690215723,SS2446
BSPV2RSDIF8EBFMEDONF,28979.07438061095,SS2446
SGWE1FN5N9FYN3Z4LPIE,29747.348228788822,SS2446
OJZUFUX8Y1UA8CMNGQOB,29532.788390531332,SS2446
X45ABTBHPVCC8JSOX7IZ,30319.66431739035,SS2446
1GIJRNIWV12KS716RGOQ,27833.62242838958,SS2446
VRPAL6Y0KAW53Q8PWSCK,26236.991782935453,SS2446
C7KQYGLGYO9U048QPL0W,25972.76892204578,SS2446
TPOD9456BMZ28CNF8PKZ,21665.792490950553,SS2446
LYI9GQCDBYB8G8TAOYLB,29090.720271492057,SS2446
6IYMA46CLBOLPTB2CMBA,28836.16443112361,SS2446
V92Z452F4DJQYPOHT5QE,27535.06583337628,SS2446
S2T6EVHCFOU1VQXC8P3H,28416.18564363524,SS2446
0LSU3VXFLA9UNU7HG4UQ,25979.958741175233,SS2446
TYXL8XJ1IZVJV2ALFSWL,30511.30133713603,SS2446
7LSE0MK8TZ1UH583HYJG,30264.478966292372,SS2446
HRAARA0Q9PW3PWY2MFPF,28043.898522502463,SS2446
FYNAQX6VZTZSFV20BQ54,26537.83836358381,SS2446
92BYRUZXJ253BPJNTR75,32745.2854584921,SS2446
JC6CLWWW60WFGI2B8B3L,32006.199491737727,SS2446
QRG4HP4B0KSXED3ZHLU2,26921.979805660518,SS2446
L98V9GV87YQZ5I8KH1RS,29848.139717711234,SS2446
ZHUSX5QAORV7787UQ2Z6,29667.790108111778,SS2446
A80Y45KKK8LQZ6BHBJ5P,30982.47354139039,ZI1701
VPFGYRWN61A2H9UZBLBR,29181.328946568407,ZI1701
8JRSOKVUZE13YDHSPTWY,28669.097226196056,ZI1701
DWTWN3L7ZFSSE11EJM4B,31382.613114543754,ZI1701
E58HQKK5EQ85DUHS8I0D,31494.30129493731,ZI1701
8YBSTNFTB19H8D1SE8GM,30734.47701698987,ZI1701
2CMSAO6ZK5E34GKFW5FW,30594.266405405353,ZI1701
RP8H191IY10F3QRDAQF0,33017.72321539032,ZI1701
P4WTL0QX2X11GLMHDWG2,30619.999286496157,ZI1701
LS1H5AQT90KLA93LCXBU,30082.739227487204,ZI1701
UFFAC49DA8JSCGC4G2HT,30068.486443545982,ZI1701
WZ06T9K2GA5XXPJR31MH,30015.31829794479,ZI1701
KDQPOUE0LGW4UBFLUM93,24895.354182459447,ZI1701
5IDSRR0V6QZXFR1MQ3FK,31773.34575823655,ZI1701
VJ43WOFQ00NJOUUK3F4Y,30017.873266454953,ZI1701
2SVDK3BPJ20AHCWTB8TG,32140.951875557268,ZI1701
5M61EOURSFY0GB8I7K3T,30841.783961448044,ZI1701
9HTT7VC0N2JTRLHRYD7O,31449.93722012583,ZI1701
4B1ITP6U07TE2G3PI0PL,27832.26061635255,ZI1701
ALXVWV1UKHV0VXETER4Z,34112.14067152,ZI1701
FV3IXOUX8HUU1Y4T86JF,33172.40565053067,ZI1701
D5E1EW88WLQGAF1SESA2,31684.079996821034,ZI1701
KRC4X87JMUK8T79INBHX,28607.534075250685,ZI1701
VUD6HNAQWAWOA5D3SCYR,29627.472402992295,ZI1701
30EDMXIZG6R10IZVOYUX,32043.55275148587,ZI1701
BAAF07O7WMN5WMSE3LVF,30526.37080051199,ZI1701
UWEH415KOQJSQN1DX9XG,28207.780310343238,ZI1701
Z7ICZZQWDY28TP5PD0IV,29606.266620026872,ZI1701
38GKEQG2ZIW996J1BBWZ,27945.291711097125,ZI1701
A12IRYMIC8N3UNSUXTMF,32937.13642868489,ZI1701
UBRROMBVZSG1VSD92LXC,27564.376716181723,ZI1701
7JYG978AQJPYLHU7JXF0,32796.86618139766,ZI1701
N97HUXD5F7SMZ6L7OYVP,30931.50309352494,ZI1701
85J86SIKHNQHMU3DITWW,28578.24929191544,ZI1701
LDBBV4SHA31GVZQRO0SW,27279.443944177758,ZI1701
ZVXO9P8XR826OH5MAXJ8,29645.819909715567,ZI1701
E5DJKGEMJTSUIR0PMITO,32837.0584997076,ZI1701
X4SZEZW1M4ZWI4N0X5LF,28607.784444302288,ZI1701
GU3B84NGW3ZPVKZA6EEK,28635.39433398521,ZI1701
B4I2ML80Y5ZI2BX6A1KD,28183.349370108273,ZI1701
UH7G16ERS2REID6EVNWY,27985.53613763648,ZI1701
NYMA1VDMC2ZTUK0VQKV2,28832.4723355022,ZI1701
FJZTXOUVZIPOSDRRTKLX,28427.86642882171,ZI1701
7Y9W9W36OV51U5L9NBZE,28043.762540714364,ZI1701
D09BM7C008AJ2161XLDP,31719.457193289076,ZI1701
ZBS22V9M17X4T5G7FHGQ,29790.13405648061,ZI1701
C5QOZ901IHZ0695X26Y4,32974.981107473046,ZI1701
YQDYUSW80YG6K87C1LCW,27223.679024152985,ZI1701
WKZ54Q00FYPBWFLSLQ0X,30593.804013133515,ZI1701
8O2HUYYEQ7TKKEHNDOWS,30411.41722474367,ZI1701
UAKMRP7ETDWEOISX3T33,25831.68021484219,ZI1701
804R359971X2EQSRH08W,25769.000412876834,ZI1701
KHUP1NUJHUGKSNTC3R0J,30708.358325193072,ZI1701
DW6UKOCTDDDVTMKJ1F66,29220.14184902864,ZI1701
8LP7BXYNV8BD4KAJEH5K,28616.549808307427,ZI1701
18W3Y4FKA9YPFRHZT4TC,29191.16915777619,ZI1701
ISYQ3R3X7QW9MLWZHMIL,33090.77026996161,ZI1701
HF9VPRUPHJ68V78YARER,28326.653963392248,ZI1701
F8BN3I7NAFUG06YCVC5Y,31974.47183820268,ZI1701
EBVRY108SX10NXUY67RL,30041.869338001696,ZI1701
0FHYGYCLPV17CR7YO46F,30752.588331481846,ZI1701
7IGNQDU64GCVG7A5CK7L,30735.928712995672,ZI1701
U3JFM5KO1WLUVTLIOCDZ,27448.926940718524,ZI1701
OCE7MB2UYROCERUMWHMY,28245.215113778195,ZI1701
SYQ9RP2DWR9WCPNAVDHG,31752.932788232974,ZI1701
GHSAFM824D8NMRQQQWJK,30822.817930551533,ZI1701
AWGWGZ246TDNGEXTYTM9,28648.446932580206,ZI1701
INWXGKQ8JXPQM2IMXNHY,28727.415502152202,ZI1701
HFHZEYG2GOGIAMJGKVGM,28571.351892614926,ZI1701
F8IA9ZJV395EQWW779AE,29972.755981194874,ZI1701
Q57394LNP1HQM00I5HSI,31436.328765997572,ZI1701
GLQFHH3NDGKBI5KL7VF5,29758.823999984685,ZI1701
MWZFOEC55914BSHJ5FDI,30630.530626197207,ZI1701
KP1KXSV7G4YRH8V7F7Y6,26152.01751265488,ZI1701
C9NQKB8G0D4H8OMB6GAS,34070.24647810543,ZI1701
OPRQQ8ISJH7BBBH0CAFG,28020.81497598143,ZI1701
7N1MCCHN4L5DH97J91J4,27694.94187604462,ZI1701
9WN8915NR1FBT7M824XX,30440.42340537929,ZI1701
P2AECUM0FJU6XNQH17EW,32123.165369429695,ZI1701
NLI30MM2F1P3J17NSOGL,30628.150455074694,ZI1701
WICYC63CCRDT44MTK76F,31439.007844875945,ZI1701
SV58Z6OMDVLNSJXPYEN2,26442.359345551606,ZI1701
V1F141DOYFJFV403J7UR,31267.86458581074,ZI1701
2RRF48GB48FKBI1ETDN5,28651.195088853936,ZI1701
Z7H3KRP5PKVOB4XAFGTK,29829.52877272163,ZI1701
HOY35MJZPFOUERE9XL7T,31616.79187797148,ZI1701
MKT3Y74HCXK52RK6O3G1,30175.398501750773,ZI1701
GO44VTG9H3OCM98Z04UO,32539.521742978126,ZI1701
XEDNDNR1U2E5UI7K6KNK,28071.617573324213,ZI1701
MXC9HDY0OG07O2JMZVOG,30668.05695109003,ZI1701
8FNZV9SYHTXAOLF53CN2,31360.516133339737,ZI1701
W6DL51VXX8F9SVKD5M7F,30890.889518860036,ZI1701
LK4Q7RQQI0DVVY9MX2CK,30916.50336821683,ZI1701
V1HXU03XMBTKNE422RAG,26846.66948017034,ZI1701
FR547IKKWHJDY2RM4GNM,28950.72107440967,ZI1701
NCDM8QEWKVJJT2MMBXMR,30390.41512339152,ZI1701
I0CQXNFCQL0I2GS4CIMT,31135.303574632868,ZI1701
F0JUUSLMR39EGH881KWA,32018.33866146564,ZI1701
E2DZ441T3IDVOH50S7ZW,31655.090318761773,ZI1701
66IKUCR92E8SN8NVQZVH,30754.891937590935,ZI1701
QXGDA5KAQJPLHAA7GP68,29200.36924380105,ZI1701
KD7K026LBMTLSHQNQMJC,28412.76186507496,ZI1701
XA9MGWQ64XLSDR8UP9HH,28092.163192765387,ZI1701
ZEWU2A2DTRFAP0Z1CJU8,33498.36592406287,ZI1701
STN5DZGDDRACT43PXDYW,28262.103507458865,ZI1701
2AT7F2YDV4CNT8G30RDQ,28012.8823906984,ZI1701
0F7A1URM6CDK8WMAK405,32049.288485154364,ZI1701
QZ0CTZXQ5V82YIH287PI,33951.12806066494,ZI1701
HXVUKYOVAMO87IJY46YT,31275.912661079783,ZI1701
V7K6LUMMIS68UXHJK6C4,30439.64623589008,ZI1701
6QQEHCKEVR4NBNJ06Q0H,28674.20220298178,ZI1701
BSBZYVIS4YG3KFRW8YX9,28295.838814455965,ZI1701
D62CI1LAL7L015628VI4,27960.126202978136,ZI1701
7MTZLZ82Y2KMZNJPLR8F,29644.04605326467,ZI1701
P2LQ64OOEFPZJER72GQA,32034.910178321643,ZI1701
8N9UEGA8BV38L3WEFUDS,33144.88694360938,ZI1701
NMRH2WKN1CNY8YU3N8W2,31215.089748331087,ZI1701
5CV6TQ04D6Q4JY6D0W5P,29460.82204105693,ZI1701
JHZYGFC0ZB6RUKD1YDHD,31435.40360324697,ZI1701
XTBDW48RQSQUM0MERKFU,29913.491532260592,ZI1701
7028OQVI76H0UKPTNMX0,28477.997275492045,ZI1701
CZPMMHZA8KZMPPHP9E39,28035.721402643998,ZI1701
LDSNNFTBW733PPEZIQ6Y,32941.67581748173,ZI1701
4VQ5BKF57S8VYZFTGI17,29713.750438139334,ZI1701
DXBNIGE6X9YGUXFYO7JZ,30937.215659753354,ZI1701
742GPLNRA6EFG9PBWSCT,28561.816573788714,ZI1701
FPCOTZ1MFAK0VHNNWPLP,30006.077077401336,ZI1701
QVY0CYK9LAPE2AJQSTH3,30678.629984264364,ZI1701
SK55UUJDI992FLNV4F1V,31617.891552267527,ZI1701
U66Y0DWQVF8BNX7G9WO7,33103.00254969275,ZI1701
HY4JRKQY1YJA19FOG3QE,31761.607357293695,ZI1701
VKLDI03RTC5HQED560T6,28435.633888650544,ZI1701
ZFDH6HHRSWW7T608SHAO,30497.50164556018,ZI1701
3I35GICKQ3PY1SQOW425,31346.47111410079,ZI1701
PV0A2CI3S70ZN7JSNK8M,30950.77610035615,ZI1701
PV2GBI8CLXQT0IVYQRQ6,31859.0419660607,ZI1701
VKW4O9AMP5Z6TNQFFY08,31378.936649038027,ZI1701
RIERTCFEEU4CD876D5K1,31413.21498765424,ZI1701
UPFWI8VXBMXXFLD8Q0TA,29394.80315550678,ZI1701
1EFJZ2URRYCXLMXAX6LY,26199.22419485743,ZI1701
NZO59Q760JA7KBED7Y86,29348.155504818253,ZI1701
W8QN1GF7TH0X7NIFSQS3,29483.64451095153,ZI1701
NIUJXYEV33Y5C30G3MZN,30311.51954353477,ZI1701
EGP564DBXFFZBYNMXO7C,31225.323120280715,ZI1701
4HN0THMVH3LT2Y7LHE3D,33194.219730204684,ZI1701
PKIK0M5Y5T8WO4VJSG6O,27132.090342327778,ZI1701
S6A0ER381PJ5A5OFSH54,29575.911249651777,ZI1701
FNNFZ874OT8JPYC349U3,31967.299032244293,ZI1701
IHUYOI84QGTP00SZUOZU,30998.873160998774,ZI1701
AD4BJXXMKO8L3SHA4WRG,32303.048535858667,ZI1701
X394Y04HO9S6MRUYWQFY,32252.341205706492,ZI1701
33PNU5L7K7LLEUM8R2HZ,29865.687060129672,ZI1701
TYO6IY6PBSZLT6PJW7EX,22498.460177965106,ZI1701
YKDIE63O2H2C2QX7JLXL,27788.634991659077,ZI1701
UBJEGX0BVBLOKICWSO7Y,29408.143107241805,ZI1701
G3SV2XK0SEI63HJU9K5F,33115.62100479412,ZI1701
VAYKWY0B9EP4BPVJMX5V,32268.34013170085,ZI1701
VDJ75KUDC14MNQL425RB,30334.754057416223,ZI1701
NT3ZWRGW3SA7I9ROK721,30323.489934827994,ZI1701
Q7WVR9AT76C164L0TOQ7,24456.200414762985,ZI1701
LNSCIHKGWG8PPE9B2VXF,29526.449472695276,ZI1701
F0ZXESWAS01R3XIUDC2H,31071.81954622789,ZI1701
O1JO2PUR9K9JDUBXVCP3,30825.536041836072,ZI1701
CMNMPZGMFRP4PIDE59OY,30662.313421496823,HC1255
2DZE4O9RONFX01HML89U,30839.65002344465,HC1255
XFDSLYUMTDHJHOQRMYCS,29578.022728026313,HC1255
USVSJU352VJ56VWSSAQD,32626.527979004793,HC1255
J31JMRWTKAVBRYZFI6G4,31863.776946890426,HC1255
7MJU06AH52CG6XSE5V86,32498.321435585654,HC1255
TK6NPYBVAMQHLMJ8PAMR,32167.91285810292,HC1255
GBMH520BCNPERKY5488K,30736.826406366592,HC1255
CTHGMQLDFRJZ3319HZK9,29222.322226851807,HC1255
9DXNMRJY8XA41WJCNNGU,28718.83040256581,HC1255
99VR4AAT4ZEHJYCNR6CY,34220.63681443261,HC1255
NVSDMVVPS10ZRVSVSQXD,28044.652628782584,HC1255
S2SPVPRMHVI9BTMXFMB5,33290.18607618072,HC1255
B4VFNYVGCX298PBBG0EM,29072.539902188335,HC1255
TOKPMDG3711O41PQCIKJ,32832.50514881767,HC1255
F7H5HPY1NY730Y5JDJGQ,33990.38702632996,HC1255
FE4N3F9A86YSWZ9KOQL9,27833.626771984193,HC1255
KZB4R1PQBZK1KMQGQF46,31313.01451293654,HC1255
T2JY1O7412SNDE1E2FI0,24332.402943779514,HC1255
X4U2Z12NS2NTQRW4Y4J4,31636.70597329769,HC1255
GU76LBNUQQK39KP28EQL,29945.846656862526,HC1255
O8NOPAUAIV441HJ2SVE2,31956.410829811775,HC1255
5J1TN6KGWTTHCEQVVVNK,30294.150293567953,HC1255
61AE3HIBQELT92USEBCK,29956.547513750746,HC1255
VCZBFJ4A2QQHGUANNKMR,31062.28249059648,HC1255
R5QRU0SOIQMXG2ORDXCS,33637.11802007126,HC1255
Z3OP21U1EA95GQ51YB53,32449.52279004937,HC1255
V3PLQYWRBPXJF7D7OTR5,30186.669897748587,HC1255
COFTQ0VMS4376GH7NU6Y,32785.81256085536,HC1255
ZFC3KHUR8YVB1UV4UKGC,30706.219206839403,HC1255
GQK8WF87ZIH1C7TE95G1,34165.68142792437,HC1255
1YECH2JY4AW8K1PD7POL,30199.368908427336,HC1255
WI5IGY5ADOLBHENKJXSE,33599.169578355424,HC1255
CNGM28G7ZOPB9FNLK4NW,31844.29211003157,HC1255
6492E3T3AFPKCVSVWD1L,33192.65621625716,HC1255
U1XQ773HIPEKTT71F8OD,33194.01740723642,HC1255
ZNXDI1U80J259C2T873B,27934.229724898072,HC1255
L9UCM0S7UCULXKY35AC9,31809.18968354464,HC1255
C8INJ34NCKGR7ZE8KYSS,29413.502366768393,HC1255
S86RCXOKHOWBB1EYS3TW,30650.095868952863,HC1255
5UFJRGN63R7THPGGQSEZ,31524.227378942596,HC1255
L3VNE39RPR6Z22N1Y0DU,34227.12162206364,HC1255
W8VFDX3LMBTOQ7HHMHFT,33341.97628288287,HC1255
MLMC8N6DJIIKXV2DSO76,31043.868839614523,HC1255
89BMAJPTQBCXLUGVU5HO,32934.43766061195,HC1255
JA0QXI348CQK675DL4S4,26154.269563889706,HC1255
ND9VR3EM3M7OIOGKGRXH,29452.73606416115,HC1255
31BJS6MH4GTZ4NA1V034,29959.186904655733,HC1255
9D2HFJ76QPYDR6E309VI,33673.49340528318,HC1255
U3CJ0OKI2DQC159WJS3F,31427.45743572285,HC1255
638DFVDXZ3SYKEIMTI7R,31395.84169283049,HC1255
G28US1Z7FALACLHB5XW4,31720.85296306218,HC1255
NNMDM44GLWOZQ9KAUKRK,31714.20663616677,HC1255
R3ZRYRBT48AVU2QQRBCB,33610.058057731534,HC1255
CVKBERDX7VZTI6ZQ5Z1M,31574.677283166635,HC1255
WBAM2G7HLG151EY5IIVB,33075.35563552351,HC1255
Z5BN81QV0T0U64BX3UQX,29840.292333052606,HC1255
TSZP7BT7Q82N226EN2R7,32287.420296935747,HC1255
R9L17DEOP25ZRNSAT5XU,27328.042140490965,HC1255
62XEZXU8PX6CYUADT8GK,33125.926173099266,HC1255
UN29GJMBCJS4I7WPRTP3,31901.587399083546,HC1255
5812GAMA7EOLFB4QVI9T,26496.84126864838,HC1255
87QZEPZ0CCO9LRWBF6YQ,32048.270651879608,HC1255
NRFQW0K91KJC9S0JCW3Y,30896.644497660873,HC1255
D2AG9DDZPGMTS8QL6R3T,27130.50298404537,HC1255
6WAIZ5E6LA98Q853AR2T,34920.644469652456,HC1255
6EAWHSD6BFX1U2SZ667T,32554.917436852367,HC1255
2SWISZQK2SMJAHWC77VR,34097.258364148875,HC1255
VXV6LL3CTWODYD7N7UHR,28294.932981656006,HC1255
7XSMV9AV7AGK4HC6ULAL,31512.401088662868,HC1255
16WFDPGG8CVSG086QXUU,30725.887789773442,HC1255
AZODX9NWRAWYFU8O2AAP,28418.29944962336,HC1255
WXQHK06UJY0POIIT1YEX,27377.77242077516,HC1255
LCG907H52NLX4EW8HJUV,32625.885987214857,HC1255
BQTAVA3D34B5GEPDFQGB,27886.411124489132,HC1255
53MLWFT9GMFTL5Z0WQNF,33251.163528900914,HC1255
H2MTI7YAXGQ3BH6DA6OZ,31807.691888482117,HC1255
K5RASXGSXF8UPCRL6EG7,31680.18424484054,HC1255
3JB4FE2TMM3NJZFLOHHK,29875.7250572999,HC1255
WT7FW7LMV6KIZN85O80J,31803.19395185563,HC1255
VX9OARPJAZ5TP334QZ8K,33091.25541228325,HC1255
UA3SRAVU2QHZM64J5EZU,31691.978087924093,HC1255
P4WVPWR4U4RGRBTQUUYH,31097.989631520773,HC1255
MWFBEKWNAM3M1RS4JT76,31278.44551893667,HC1255
3T8Y6MCZ1KQR7MRIN2EU,30932.97243911509,HC1255
MGSX0IN2YHOU2WRJ7MAU,32309.5123105641,HC1255
EOZR1S07ZS1IFO7FUR4I,28542.88997606538,HC1255
RBL09XH2DRW6ORYZD5JZ,33765.64449710945,HC1255
WWILVGU3OMKYXHWT822G,26735.324623448912,HC1255
GXCXTLYFFNPX3ZP4HY64,29733.015590631105,HC1255
D8FOLWU2U82Y0JI4OU8U,30936.382417984798,HC1255
DGO1FZOR7LXVQQMVESVQ,30698.568679435648,HC1255
N6KGUVJPZA5U2FM7BPKD,33301.36459008712,HC1255
N57JA7IUP0ZWIAM5OCL4,31468.34164853975,HC1255
YPE20VFGT4OL10PLSDGK,30319.910257721265,HC1255
K0R6JB7QDOX8ES5FIA0A,30127.281595388635,HC1255
L3W3VV0H6GW0ZFZNG05S,29623.80222090677,HC1255
9ZAS4Y6JMJMEBD6IYGLI,31227.594280546306,HC1255
HX23ZICQ0TAQTQCQXBK6,32569.044481174707,HC1255
HMW2D8BQIEK6RKUSLCN2,29111.71549930801,HC1255
IU0MO49WS1P95MB3YPXM,30790.622411633667,HC1255
9UFCUDRTYBBMFUB7OLRI,30223.40973684226,HC1255
HA1RFMKVI3JBRP5ABWGA,28838.635980626066,HC1255
AVEHIBF0MBBE2FLYDHH4,33823.715053518594,HC1255
NZCRG66B87AJ6L3SCFIL,30906.338799348614,HC1255
O1RSLG2823DGBR32QVAG,33757.06778578769,HC1255
DK2ETFYUDMOFHHO48HCG,32303.821203638738,HC1255
R7EMVN9ZRX6ZQEHBTTZX,30331.527046169813,HC1255
QI28A1VWMTQ6LK46CAII,32586.808768918432,HC1255
9T70SQXVDSO2ZHSUOGZH,31267.456784835565,HC1255
6E1A0V1OB01LPL834SHX,31948.76418133189,HC1255
BNM3LE6PGJRAWC697CWC,32394.797407332262,HC1255
1K0OYYG276421LQLI75N,31833.306233198462,HC1255
2Q438ZPUXDLZQNY7QE17,34766.86808054676,HC1255
C4EM8X7IE75NWH3WXBH7,31904.364130599915,HC1255
QDX4LCXKMO3I3ATMTPBI,31702.585773787498,HC1255
69WHQ651I3UC23I7H1R3,30031.884736418622,HC1255
THQ3ZEGX4687YZBL9OA0,32012.240680325725,HC1255
V6PHSILXSGBWKKGTRDRU,30780.791848193956,HC1255
XAD7SYMEU9S7Q8W7G4SV,31033.923166342156,HC1255
8TYJV5UEQKC6BXUPAQJ9,32097.354612079398,HC1255
OZY4NXLT5VQDMLNBIUIH,34511.70799726878,HC1255
SL5G9876RCP3JG84FR2S,30994.7277472659,HC1255
PTPJHP7Z2J5LGLIJ0MQ7,32932.06055374519,HC1255
L0FM0CFSEFYLF6WNEIEU,31384.00429789041,HC1255
J8DADZDIFO1KTUMYMRUZ,32546.29758462902,HC1255
LD3ZK6LHVGQB1AFT4B2G,33688.80549366073,HC1255
P6RLFUU8SQPFU4UN3WVW,33452.84157744744,HC1255
24IUXGPEYSQNQZJ02QNM,31359.417675915465,HC1255
4STY6B3VVFCGNRCSOOJP,30503.02286844007,HC1255
GAGGMAD6Y0FFMUT91JQ7,30977.136029922527,HC1255
VU51Y87HGZKAWFXK4DTE,32687.77992369896,HC1255
V6PQBSPIC4DVFNJCGINY,29095.03554131734,HC1255
DYBTJ2DJ3OEKKBFC4AG6,29152.25540107431,HC1255
EKND3D06LWOY0JPVJN1X,32657.842065417535,HC1255
50LCDACW4TK4E6DGRNJP,31078.83629355332,HC1255
U25B1ZBIJBHN593ISMT2,30114.942288152248,HC1255
ED8MCNMK3LBDYN2X3GUD,31012.148766015976,HC1255
IKQ8LQH7S5JBCZNZHJ1H,28485.020886189362,HC1255
5GYPBPAFVZP5QIBWU51O,32165.48671284674,HC1255
8HUUOPE709PLDJL4BJO4,30287.381866586544,HC1255
VMQDOCL49JU5QTCV2Q32,34316.24400142922,HC1255
DT4DS6FL4CUR1ST8HG39,35495.383847556564,HC1255
2LFT7XF7R6KIO5U4V5P0,29496.33307008941,HC1255
EDWJLTFD34ZLLF80NLXT,32124.200958960217,HC1255
7NWKVCURUWY2NKT8BB43,31037.645246991648,HC1255
E8GSP1AU373YSAKSV0J2,31455.349471671638,HC1255
1QB03FAV4G8IMADH5PZV,31269.786886688897,HC1255
YJKXLD3EACZTN5BVMSLF,29402.269197009075,HC1255
3G1L9P5YDTRY2UALW3J1,30193.887927470052,HC1255
BYNNN8VLNBEIO0VPR5II,31354.58443475699,HC1255
G41TY6T53R2VLYRRVMHH,32677.642690521876,HC1255
KN8LPB09ITOGXBLVZ0F9,31396.142136249488,HC1255
6Q3WZ6TLATKQT3G8RSVJ,33466.760105647336,HC1255
DDWNIVXNYTSP0RZPK5RR,33764.92461427597,HF1818
OUTDZHZKNLQ98AQ8PTPF,32594.279705647066,HF1818
T6NHR2IW7BWI555O3KIS,31673.15712162577,HF1818
YLRNX4LT6SQ2VJS4RSVH,34133.674436629255,HF1818
CQZRUEUKI8D3G5NK1AQK,34463.44825645141,HF1818
6QNQAB01DD6GWS6ECZMP,32524.617103966975,HF1818
2YU9ZD7PZGB3MT8RDQK6,33119.85958216528,HF1818
2NY1XV9NG7N0QBFEQA9I,29361.644968214212,HF1818
XL4ZA1X290RUJTNJWNOL,32732.76486733636,HF1818
TNR7PO5P9WWA9SC7MZUO,34305.19068067482,HF1818
XZFX7TRUNVI0XFKZY6YC,33055.33343116968,HF1818
VQQKP31MJA6BCENTFAYO,32590.309705253687,HF1818
PFKUVKAB7NRT91O6D8RS,33566.65017827043,HF1818
DX8GT9LFYXIF60WWPXXO,28969.167702337938,HF1818
RN4U873Y8OMHXMK83J2T,33962.135769576795,HF1818
HYYKONVKD9ZS090PD5U8,33722.30989107974,HF1818
4GDOCWTUHPE9LCBP38UO,35000.12571274893,HF1818
DSF8CWLOZBBG9D7O89XJ,30112.00714242191,HF1818
JDKZGEYS5XJJLTRHWRVJ,32941.88961860869,HF1818
SVGGF73UFOZOKPUPYLWW,33004.45001186783,HF1818
CV1IIY49DG1ICV5LFY76,31176.903591809805,HF1818
WTXUQYJO6G0TU05041EW,29568.210700216194,HF1818
K9I057H4KI6BNBKQW34C,29678.3989142408,HF1818
3X2MAXTZJK62R2QZNFKX,32930.06866649616,HF1818
WI2GWP0XXGPVJWTZHX9V,32193.096710103084,HF1818
6JASUZYNQEOUAWY1IFFB,25793.254898842373,HF1818
GG7SCUOGLPCARDVPKWK5,33402.25619140244,HF1818
CSIR93JY4XAD7YBUXGVP,31430.45112461724,HF1818
P6EP4D2XIDPFSAMBL9RN,34053.02744905237,HF1818
RRNEQ4E5WRT0I6T2YL1B,34328.61674330187,HF1818
Z77UZBJHO0OWXQM12JMZ,33371.124580909025,HF1818
9Z11SDHS6KF4T1RF0CJM,33237.949391168,HF1818
6QKACYYBAG9WNFYHPZVV,33171.485819786976,HF1818
DX3LYT9NBTPHASAZF6Q9,31397.050229897926,HF1818
IYROD1CK848K91VS5MWY,34028.01588573284,HF1818
Z4DSQXQAMCW0CZQHY2OX,33044.96656421757,HF1818
EKZE9TNGK87HGSU3ACFO,31322.588845847764,HF1818
K0L2DCHFFKZY0ND03J0K,34199.230530458364,HF1818
B7J1IR4V6ETSD5VPRFUZ,35538.849670993644,HF1818
OELPYNY2ZCZ1HGR9DSDG,34164.59135253839,HF1818
0QMOD0UGS4G2T06RA1OS,30726.46084455987,HF1818
FYF94D3HBAOXPJWUQFGI,32166.021412386606,HF1818
LHW3K2VH463NKFOF3HZX,30375.246062427133,HF1818
DYZ931F98UUY7OT8EIV1,30819.236758660172,HF1818
3ROJIULZNCT2MNJ0RLPA,32449.86353785908,HF1818
TYLXS3CHTFH13BA5PIVU,33425.65767793939,HF1818
FFJ7Z8EZ2X0AFIJJ5DPB,29762.089045490113,HF1818
5ZCNP6UXIYA3YHJ2SILJ,34375.90282616386,HF1818
608Q6EON7X2XTSYSKFES,34489.63794742212,HF1818
76PC7H428LAV7LOHZJI3,33804.449287397074,HF1818
KEP4UTJ4JDJEC5L3DFEG,35591.00143137895,HF1818
KHSLM4FVFWQOZEVHUPNF,33017.716652905874,HF1818
CXNXUR9TUX79WBVJ2YBN,28369.775861061888,HF1818
56C7AMNBAHQGIPK0C4FA,31105.84051689288,HF1818
E3ZF760CYKC07O1CN18L,33652.61046944772,HF1818
SNA8DOFBEXUAS0UB8MCI,30841.369799444354,HF1818
8ZTOO1QVPPMD6HEKTBNF,32312.591026512688,HF1818
6RYTYT643YEI4B4535NX,32349.064188555047,HF1818
7XWF25FUJDHSHV3JN32U,33904.374386830204,HF1818
5F8ZHR76H0NVDI2ZCSYI,32805.251601215816,HF1818
0ZEZSOH0MTPLSC2XE2F5,31346.17341329417,HF1818
OL7J1F35T4H0FTK020J4,32878.98119519572,HF1818
3O7E02RMNGAUC6Z389OE,32915.00373335496,HF1818
L483QY37W0QWF0UYI5B4,33711.6715606359,HF1818
VTRHL8KQPXBMACZ4MI4P,28493.083294791326,HF1818
IDK4QQYQ4YRZK0NIX2N4,31946.239878533306,HF1818
1EP2TYGNB5DE7ZH79TDL,29514.400434669027,HF1818
7KCKKF70AG6XX1X8SO88,32126.614810507876,HF1818
XZ0Y3SK4V7NYUGBKIIMC,27722.097320083132,HF1818
T3MNK1610YGDCEJ0R5YH,30808.59206006873,HF1818
0YACOYKFD3WV2IQHZ73M,33594.75498762738,HF1818
RPFM6J5SIWBX26X9N8LQ,32824.71109323393,HF1818
2SSFJPIB6YJ7RLXE8VYB,32451.203987547735,HF1818
8POUBHDCMXZE53UA4Q9L,33074.229425909885,HF1818
WUDUEHPM41CB7181H84H,31588.406061771504,HF1818
MZ1XVBA3CKPB92X61SLA,31107.69446034337,HF1818
0W0KZ73QWXJK6768PI4O,29275.417336143084,HF1818
DK419US77FEWCTPJDXOB,32929.52665944906,HF1818
JKWXNGRYS33TF1MMFBVS,34509.84715370617,HF1818
MSM07D57IZZQ6JGXZNNP,31430.492230582,HF1818
55UV4G0IGRB5WGY9GNDV,28556.287513428346,HF1818
AZIC7TWJ4H7SUMH34990,32637.313632275276,HF1818
I9JNNXYF4AB5LNMISONV,32555.65699180099,HF1818
BSG985BR8ZLOY55ZC1NL,31339.848766160387,HF1818
N9KQ1AKSA90K30MSF8KN,34660.13475255139,HF1818
0U1B1DMY4732BFD7Y2EF,31573.287904574972,HF1818
LWSSB1AZF4YTK9LRLX6F,28988.298989771843,HF1818
MU6UGMEKKFUT0TPNG15Y,35410.6979424315,IG2596
NIY309Z0HOWEQ1MYUEE3,31749.976000720846,IG2596
J6PX56S7KEO10V8NLBL2,33676.35895899036,IG2596
31RAPJZODJ6QKF40JYCY,29767.392277856492,IG2596
CXES2GQMD5H711894BEG,35029.01489819865,IG2596
6OMBVFDQFHVJO02K7SB8,35190.731903660984,IG2596
BAE53MDT8B8WGW7MGN3U,31115.25593761771,IG2596
XSO0MZ3S2KVYB7CA9IDK,31111.76872010358,IG2596
F01030NX8DO8FBJT6RO3,29008.25944089221,IG2596
DKH0S7MY6G0KQ6HHN7B0,34013.08204252045,IG2596
8NC4A13E67W7WARYVNQ1,33123.96152719218,IG2596
22GWTYHWSZDA1F0A1TFI,33969.66966596313,IG2596
9LNT9VKA58UI1U2KAC8Z,33373.77799239978,IG2596
HZY9E8GQZNXXB2HM0DQR,29586.08695896236,IG2596
TWFQME6I9OXMIY97YSCW,34672.41993600341,IG2596
VVSGFEEPJ1MKQ0ELFA7M,30744.642069907255,IG2596
5BY9VX314IZVW254E5HL,31460.423351066525,IG2596
T08A0IVYLQ4INY5ISNSD,33980.191451019455,IG2596
TSXL5PI08VQ5FT9Z3VNE,33575.611868448505,IG2596
RJ26JT44865ZF5KMOU66,32425.29417434868,IG2596
EL71PJ3SUQ2IRUIFR73N,30742.083258224156,IG2596
3KSPY1Z6SOAYD5KWTIGL,33603.89564517609,IG2596
ZH4ZTPGNF67E0X5WVQ0K,36737.55043500633,IG2596
X63KXOIJW7KJATBE90L1,33556.386521737724,IG2596
7T3ZSZCM4B4IZUYLO9U1,26707.444329805912,IG2596
HZ4W91MC8Q7VLY0Q1KIU,34352.68834433841,IG2596
0ERNLBPRRBZ6XNX3MVRG,32670.618060635334,IG2596
AGJYKXNNNTMOPS7KHYXF,32663.11732876223,IG2596
4B7NP3D09ZE6BZFUFYJF,32010.382025591127,IG2596
QB8CEGXECSY6I8O26VDZ,34559.2102666412,IG2596
9RGQ37BN1X9IURABRR88,33257.73485933856,IG2596
GZ760M3DUYOM77P7KGGU,31009.941564429006,IG2596
DLKCW64EYJWGBRZMIYPV,33279.184254532425,IG2596
EFZ4YLHCQON1ZIBWX56B,32660.674775100888,IG2596
D51KNFY52UYNWY13300I,32534.36229911681,IG2596
8LHSPS33MK2VKVXJ06QU,33967.77791568147,IG2596
ZWQPWOGPMVAFKQ59498Q,33161.19866682977,IG2596
JRL9I2WD3EU4XU05IMJ7,32533.483517524284,IG2596
EHAWDMRGMT0230OFEA35,33104.75068989172,IG2596
CT2L4MUA3AXHPSOBWKMA,30303.749165614652,IG2596
VZN6YOV343YJ4FKUNR3K,31595.68441636829,IG2596
MECHUW504HQV8IPLZQJY,33482.7307281845,IG2596
BHMV1U8HCBC2UZLZSF6A,32441.2830955951,IG2596
P7O7X1M3Y3M61MIOTKK0,33240.99023217766,IG2596
RC4N7ZJ8XRY0Y8BIYW4D,31459.96964027338,IG2596
FQ2B3UWP0JL3LCQOOXBE,30856.506662590375,IG2596
1WQFOMMWMA1QLQBM5C7I,33078.71815840277,IG2596
NPPHD2OJKUIK7RWJIVN1,33304.956701724375,IG2596
BT9YZCMJ0R3M6TZQ2T7T,31475.76287674798,IG2596
AED9KKLF2FSSG2E41KRE,32708.372623130428,IG2596
OEE23AERCL98B0L0Y5YX,34159.907734807784,IG2596
GN85Z84912XCAHYKUVET,28940.91093986469,IG2596
WIKF89UZW2MV2GQZ30TY,33387.535634510066,IG2596
XGSH97OCHP5KUI2WK26A,33640.77109989776,IG2596
230U5PT3WBFOK6UNAEMX,31798.814077338335,IG2596
CZ3QE68Q5MO9QCX6B0RE,33044.938423108244,IG2596
BV4B43RUQDX5ZVW1RW42,31280.744855151635,IG2596
HAPKFFUCHCE0MWHUNAFY,30250.340134546284,IG2596
128HRH5BFBEP2EBR6H4N,27213.99138613218,IG2596
JPUIZ1VJK8DLUWX66F4H,27055.95111304184,IG2596
926QT4MLZGB1WEKT7H6Y,31371.9357135073,IG2596
LRBWUX4ZJQWYQJPRL7DG,29393.602642036367,IG2596
A2PD5OY52FO8OJXD7NK4,32224.288213197782,IG2596
8DB0CL0IYLQGRFO0HZAR,31701.02013678252,IG2596
XC8CHVY9Y7RM7ZB068CJ,34785.348089927524,IG2596
KSS4TOF6DW4ATU4W7UL4,34609.082403725464,IG2596
IB35H2OREIXRL4TKM2KC,30842.352107895742,IG2596
F3GHH53JAJPBOJAHUQB9,34530.88188207998,IG2596
4ICJJFS1HT354AQDHSGU,33551.549207525146,IG2596
QFAF32S2WDRY4BWK81JU,28616.23196218437,IG2596
2Z0RNQ1GET56OA2EHZ4F,35078.26422137476,IG2596
K50HE8TYFCRMWA9O3LVB,34715.85305074105,IG2596
RKZYYN3HGNRZKJBNED17,33792.054176474034,IG2596
FM97UZFLDG2539Z2FVHR,34136.28648932566,IG2596
QRUUND0L9M1SX8NHMESP,31682.57474708637,IG2596
5BXMMQ1XC44OWM51MX3X,30944.06301101528,IG2596
ZMAZO806FDSG3R6RAVG0,32965.73291229044,IG2596
NVM880PTK8JKBF7LECSN,32961.651371426284,IG2596
718YGJUC1E8TRO7K44DI,33164.43848424167,IG2596
CP1CHPZ8F2K2AXIRUL0L,31683.746603824147,IG2596
78H1O02Y79TZIT16342Y,30123.001153347872,IG2596
AG46HTMVYUF4ZF9EFY4D,33401.581782494526,IG2596
9Z614WURIHM4V5JTU4HF,35410.208732974505,IG2596
9QO5GF0R6WJBWDHNB9YD,33939.96802609766,IG2596
P5Q3VT47HIAYPC0LYZCU,34817.06606455921,IG2596
QQDYLE2HPKPR7V49TXYS,29500.48185821856,IG2596
40Y3I9KQU1O2ITBS220V,26686.026069534277,IG2596
ZW8508J09K1XICMFCOQP,35802.768354458734,IG2596
I63V5AKL84YALJGMQXX4,32367.465844154023,IG2596
FICLE9W7U7Y0H138URIJ,34784.83838388659,IG2596
IYVFAQYKO8XBPTB1ZF43,32107.54542724969,IG2596
XR7E76KZ5OJGMOVWUD91,34594.25070007847,IG2596
74E4KWDJK9MIZK3VTWSY,32515.31318937883,IG2596
PYIDO9D0ODH4N9NMZKS4,34362.243269683604,IG2596
CZJ2YEHHRPL0K98FXXF4,32601.297482574446,IG2596
LKH12R9THAV6YNZYQNR3,33830.115326721956,IG2596
0NPPA2BRHLNZX5ZSBSKJ,32867.580763333026,IG2596
9IIK9L1V2CYWSYOSRU0S,29789.000964238156,IG2596
S39B0D4XNM7S1IVCNKNV,26536.251300738866,IG2596
E8BPQ9U4MHCYX8C9X6PN,30421.778392028707,IG2596
JDK08MFMNIOUVZ2RWE4U,30735.00589750122,IG2596
TIX5C5KOF669EIR01VDL,31826.980324541393,IG2596
9SC4CHXBMN3HBD18UKQN,32322.716096914635,IG2596
LYPMEQ9R97THODE496CX,32654.58859618016,IG2596
0F1A0NWMKYTF8N17M35P,30554.289869851367,IG2596
4BQD4270YWV5RBIZE1ST,30689.70700262777,IG2596
3T0AHQNDDSHYDYNAKFF1,32194.91346867863,IG2596
ZIOTOOW3CNIJGI8AD1GK,35010.027316128726,IG2596
06HK1WLJTKSAQ1K2HIU9,29917.877897735867,IG2596
57ERMY8WTJ6FSE2JEM39,33698.44042955652,IG2596
SB2I8NADHFLIMPFL0S93,30500.19636190952,IG2596
UXV7E1HKHFHGPM9IA6DJ,32082.84501214801,IG2596
FNPVIN9UCHFNAWXLNMIC,31680.549896431796,IG2596
8WW8QHKK39MRS5B1R0KG,31514.90023565552,IG2596
7CIQCHU31X6ABDKB7XV1,32184.734013561476,IG2596
TOCLU242UHSTEO0M290U,33674.02395639193,IG2596
XRJ4Q4PT8Y1GMNVYF82M,35260.647940660274,IG2596
MIL8THG7BWQXLV4JOTZX,33180.76273178906,IG2596
3AT2IQVH75PW3UZ8QOT7,32862.84957907542,IG2596
GI5AM4JWS0SKALVYOALS,32584.812523748584,IG2596
Z45CZU7NCVEP1AHJHFIZ,33272.99056912007,IG2596
Y1YLLJZQJGSCRBP9BOZ9,34872.06352557421,IG2596
UBL73G33K4M36UMLPUH0,32743.731798648052,IG2596
JBCNZW2ZJT2V1BQZ0F55,30122.580919408923,IG2596
5L1CNWRY8W1AUKRIV7C2,34425.04696561605,IG2596
0IKBYS5SVP080DWV9JSE,26809.245803376703,IG2596
YT7GW7TCVNT95DPGUZ27,33789.39354800397,IG2596
Q06D6B6QMYKSNFUGRJN5,31721.060890884044,IG2596
MIPJCVKDGOIQKPZAQM9C,32708.188044003626,IG2596
NNZ7I5ARJPLLQDOGH4ZE,34104.01951310205,IG2596
5AUH6ATDQR8KGO57AVS5,34479.293967313,IG2596
6ZPRODTN1VKR80RN37P3,34696.29110565535,IG2596
FLFPZ4FGYIEO2D207WBA,32943.44110401891,IG2596
0TA841B1ZZ94KAZ5WTHI,35309.50709031999,IG2596
ZIXVN77KO3J2IMU8XIJW,31345.288433749876,IG2596
YAMHQG5HQHNQ9PXDCNOZ,33004.63805010685,IG2596
MEFT8WJUHDZN4BKTFI8E,31433.180595161408,IG2596
SF0FCBN0CG74J1BDJRPU,31978.20109086087,IG2596
UHT6K3ACYXPB8QJJA6R4,28786.325849345627,IG2596
IUM4ZUNZQWIUIEQ14YNH,33343.452560180915,IG2596
07F8O27LIL8SFT8J0P95,31335.692867544498,IG2596
2KJSVNPR0HOBHP5FP5WJ,30564.91032974878,IG2596
NH12Q1EY8C14BZHYHZ94,31051.334642035938,IG2596
I6GP2X68YW5Q93F91BC7,33983.831718447094,IG2596
NOQUKT9RSG7VIKQR6ENP,32495.850275620058,IG2596
2NQ80HL92QTYB8CJ1ZIN,33390.62162781232,IG2596
7PACDY9HN5GM7RKO26LD,36805.83000745416,IG2596
UGBSANU604NP8WQDKBY0,34393.54838845263,IG2596
YTW6MA8YKL2V5L18BEQ8,31046.325113001025,IG2596
KKPG43J5QWGGK4BKZU07,33596.556207488175,IG2596
24QXDZPL7UBA5FUEEL5Z,31285.21650500725,IG2596
66RFYZ518V9WQT0AEGLB,29823.757303754268,IG2596
UL7FDYWR9QFWHRVIBRN7,34915.6127802637,IG2596
